loan_id,no_of_dependents,education,self_employed,income_annum,loan_amount,loan_term,cibil_score,residential_assets_value,commercial_assets_value,luxury_assets_value,bank_asset_value
832.0,3.0,0.0,1.0,87.0,182.0,5.0,368.0,121.0,22.0,237.0,77.0
868.0,2.0,0.0,0.0,20.0,76.0,2.0,233.0,48.0,30.0,78.0,18.0
488.0,0.0,0.0,0.0,90.0,212.0,4.0,14.0,142.0,158.0,268.0,106.0
529.0,0.0,1.0,1.0,22.0,84.0,3.0,52.0,23.0,2.0,51.0,33.0
782.0,4.0,0.0,1.0,52.0,108.0,9.0,324.0,145.0,38.0,128.0,61.0
821.0,4.0,0.0,1.0,11.0,35.0,7.0,208.0,8.0,2.0,29.0,16.0
247.0,2.0,0.0,1.0,79.0,239.0,3.0,115.0,203.0,113.0,191.0,95.0
579.0,2.0,0.0,1.0,92.0,313.0,6.0,63.0,79.0,151.0,257.0,77.0
828.0,5.0,0.0,1.0,51.0,132.0,2.0,260.0,119.0,45.0,121.0,61.0
654.0,1.0,0.0,1.0,48.0,118.0,9.0,238.0,42.0,1.0,115.0,74.0
275.0,4.0,0.0,0.0,68.0,228.0,8.0,15.0,44.0,17.0,156.0,36.0
283.0,0.0,0.0,1.0,22.0,53.0,4.0,275.0,52.0,37.0,48.0,23.0
330.0,5.0,1.0,1.0,95.0,241.0,0.0,359.0,91.0,98.0,268.0,67.0
791.0,5.0,0.0,0.0,26.0,66.0,7.0,93.0,10.0,50.0,56.0,32.0
876.0,4.0,1.0,1.0,12.0,30.0,6.0,420.0,32.0,1.0,36.0,21.0
50.0,0.0,1.0,1.0,40.0,154.0,9.0,183.0,96.0,21.0,107.0,31.0
424.0,3.0,0.0,0.0,30.0,75.0,3.0,9.0,50.0,56.0,100.0,16.0
404.0,4.0,0.0,0.0,40.0,137.0,2.0,21.0,64.0,59.0,110.0,30.0
482.0,5.0,0.0,0.0,30.0,99.0,0.0,100.0,66.0,37.0,105.0,37.0
402.0,2.0,0.0,0.0,15.0,33.0,9.0,201.0,42.0,14.0,45.0,25.0
209.0,3.0,0.0,1.0,77.0,246.0,5.0,84.0,166.0,14.0,216.0,87.0
819.0,1.0,0.0,1.0,63.0,139.0,5.0,49.0,36.0,21.0,143.0,73.0
520.0,2.0,0.0,1.0,89.0,197.0,9.0,259.0,43.0,4.0,281.0,128.0
479.0,0.0,1.0,1.0,43.0,159.0,3.0,373.0,64.0,68.0,133.0,60.0
311.0,2.0,0.0,0.0,59.0,223.0,0.0,131.0,47.0,29.0,216.0,38.0
875.0,4.0,1.0,1.0,80.0,163.0,5.0,225.0,98.0,12.0,200.0,48.0
407.0,1.0,1.0,0.0,22.0,70.0,5.0,55.0,58.0,44.0,61.0,14.0
173.0,4.0,0.0,1.0,70.0,218.0,6.0,270.0,133.0,35.0,176.0,42.0
324.0,2.0,1.0,1.0,37.0,86.0,3.0,228.0,110.0,27.0,89.0,33.0
55.0,5.0,0.0,1.0,36.0,135.0,0.0,38.0,34.0,8.0,123.0,47.0
148.0,0.0,1.0,0.0,0.0,0.0,2.0,129.0,5.0,1.0,2.0,0.0
768.0,2.0,1.0,0.0,23.0,89.0,1.0,263.0,10.0,10.0,67.0,20.0
223.0,1.0,0.0,0.0,65.0,176.0,3.0,222.0,94.0,41.0,164.0,69.0
143.0,0.0,1.0,1.0,66.0,135.0,3.0,404.0,151.0,45.0,203.0,64.0
98.0,3.0,0.0,1.0,27.0,52.0,5.0,45.0,85.0,26.0,94.0,31.0
192.0,2.0,1.0,1.0,60.0,203.0,9.0,302.0,178.0,25.0,235.0,91.0
823.0,5.0,0.0,0.0,10.0,20.0,6.0,147.0,19.0,18.0,36.0,13.0
502.0,1.0,0.0,0.0,45.0,158.0,5.0,272.0,105.0,83.0,99.0,34.0
313.0,0.0,0.0,1.0,2.0,9.0,6.0,461.0,12.0,2.0,2.0,2.0
95.0,2.0,0.0,0.0,75.0,157.0,2.0,198.0,129.0,29.0,174.0,85.0
578.0,5.0,0.0,0.0,47.0,122.0,4.0,442.0,133.0,37.0,140.0,65.0
758.0,4.0,1.0,0.0,46.0,94.0,5.0,261.0,93.0,3.0,143.0,69.0
450.0,4.0,1.0,0.0,65.0,177.0,0.0,356.0,155.0,79.0,192.0,86.0
302.0,1.0,0.0,1.0,50.0,134.0,8.0,275.0,55.0,23.0,169.0,36.0
507.0,3.0,0.0,0.0,94.0,316.0,4.0,90.0,68.0,55.0,305.0,112.0
18.0,4.0,0.0,0.0,14.0,39.0,5.0,260.0,8.0,17.0,36.0,19.0
299.0,4.0,0.0,1.0,13.0,52.0,0.0,3.0,25.0,16.0,28.0,14.0
484.0,3.0,0.0,0.0,77.0,250.0,2.0,236.0,172.0,78.0,262.0,114.0
849.0,3.0,1.0,0.0,85.0,230.0,3.0,53.0,41.0,8.0,288.0,48.0
552.0,1.0,1.0,1.0,58.0,115.0,7.0,351.0,89.0,26.0,199.0,29.0
500.0,1.0,1.0,0.0,91.0,255.0,2.0,51.0,123.0,134.0,242.0,107.0
572.0,0.0,1.0,1.0,84.0,292.0,3.0,377.0,198.0,137.0,299.0,109.0
384.0,5.0,0.0,1.0,37.0,83.0,3.0,34.0,50.0,68.0,83.0,52.0
746.0,4.0,0.0,0.0,30.0,109.0,2.0,262.0,34.0,46.0,60.0,39.0
648.0,3.0,0.0,0.0,76.0,266.0,1.0,111.0,73.0,94.0,194.0,112.0
635.0,4.0,1.0,1.0,57.0,195.0,4.0,414.0,118.0,79.0,202.0,85.0
428.0,4.0,1.0,1.0,89.0,294.0,3.0,187.0,156.0,139.0,188.0,111.0
9.0,0.0,0.0,0.0,17.0,44.0,5.0,10.0,41.0,28.0,44.0,24.0
129.0,5.0,0.0,1.0,15.0,52.0,1.0,222.0,21.0,18.0,55.0,23.0
882.0,4.0,1.0,0.0,33.0,88.0,0.0,280.0,100.0,66.0,87.0,31.0
457.0,0.0,0.0,1.0,76.0,220.0,4.0,224.0,125.0,93.0,261.0,97.0
403.0,5.0,0.0,1.0,43.0,109.0,9.0,4.0,49.0,19.0,112.0,57.0
341.0,5.0,0.0,0.0,69.0,136.0,6.0,288.0,54.0,126.0,150.0,92.0
597.0,0.0,0.0,1.0,73.0,268.0,4.0,259.0,199.0,105.0,237.0,99.0
735.0,2.0,1.0,0.0,79.0,165.0,1.0,297.0,109.0,124.0,223.0,93.0
780.0,1.0,1.0,0.0,33.0,119.0,1.0,42.0,53.0,68.0,122.0,18.0
711.0,1.0,0.0,1.0,6.0,21.0,1.0,84.0,14.0,10.0,26.0,9.0
154.0,1.0,1.0,0.0,40.0,152.0,6.0,69.0,59.0,21.0,134.0,26.0
701.0,2.0,1.0,1.0,66.0,146.0,5.0,32.0,100.0,12.0,210.0,85.0
702.0,3.0,1.0,0.0,18.0,52.0,3.0,393.0,31.0,31.0,50.0,10.0
89.0,1.0,0.0,0.0,9.0,31.0,3.0,205.0,24.0,12.0,27.0,5.0
830.0,4.0,1.0,1.0,71.0,216.0,5.0,429.0,64.0,29.0,268.0,41.0
771.0,2.0,1.0,1.0,4.0,14.0,0.0,147.0,18.0,2.0,7.0,5.0
454.0,4.0,1.0,0.0,31.0,64.0,9.0,154.0,83.0,32.0,67.0,25.0
629.0,5.0,0.0,1.0,62.0,206.0,5.0,319.0,156.0,5.0,165.0,38.0
726.0,1.0,0.0,1.0,4.0,15.0,3.0,109.0,13.0,1.0,11.0,3.0
306.0,0.0,1.0,1.0,31.0,123.0,5.0,404.0,49.0,49.0,69.0,43.0
390.0,5.0,0.0,1.0,21.0,84.0,7.0,270.0,41.0,26.0,61.0,31.0
842.0,5.0,1.0,0.0,90.0,259.0,3.0,173.0,179.0,77.0,234.0,64.0
675.0,3.0,1.0,0.0,50.0,162.0,8.0,369.0,93.0,55.0,110.0,38.0
463.0,3.0,0.0,0.0,23.0,86.0,1.0,402.0,28.0,33.0,87.0,37.0
802.0,4.0,0.0,1.0,32.0,111.0,9.0,248.0,51.0,33.0,92.0,29.0
262.0,4.0,0.0,1.0,82.0,234.0,0.0,6.0,82.0,93.0,263.0,104.0
698.0,4.0,1.0,0.0,42.0,91.0,8.0,344.0,25.0,24.0,144.0,44.0
583.0,0.0,0.0,0.0,78.0,274.0,5.0,345.0,7.0,149.0,287.0,84.0
63.0,4.0,0.0,1.0,57.0,185.0,3.0,339.0,169.0,68.0,194.0,80.0
874.0,4.0,1.0,0.0,79.0,182.0,6.0,410.0,161.0,85.0,246.0,83.0
682.0,5.0,1.0,0.0,37.0,140.0,5.0,422.0,12.0,5.0,137.0,36.0
336.0,0.0,1.0,0.0,60.0,121.0,4.0,315.0,20.0,37.0,213.0,42.0
871.0,1.0,1.0,0.0,77.0,196.0,8.0,182.0,101.0,95.0,280.0,105.0
189.0,2.0,0.0,1.0,62.0,227.0,2.0,229.0,26.0,63.0,195.0,60.0
763.0,3.0,0.0,1.0,70.0,155.0,8.0,163.0,79.0,63.0,166.0,105.0
559.0,2.0,0.0,0.0,41.0,138.0,0.0,447.0,42.0,73.0,132.0,44.0
539.0,3.0,1.0,0.0,79.0,210.0,4.0,307.0,193.0,87.0,185.0,62.0
282.0,1.0,0.0,0.0,68.0,193.0,4.0,87.0,188.0,75.0,200.0,51.0
43.0,5.0,1.0,1.0,15.0,54.0,8.0,91.0,6.0,16.0,32.0,23.0
300.0,5.0,1.0,0.0,25.0,76.0,3.0,419.0,47.0,13.0,63.0,33.0
104.0,3.0,1.0,1.0,59.0,197.0,8.0,127.0,6.0,85.0,173.0,75.0
392.0,0.0,1.0,0.0,14.0,39.0,8.0,120.0,2.0,20.0,36.0,18.0
535.0,5.0,1.0,0.0,56.0,165.0,4.0,334.0,59.0,19.0,117.0,31.0
39.0,0.0,1.0,0.0,28.0,59.0,0.0,245.0,89.0,34.0,62.0,17.0
316.0,2.0,0.0,0.0,64.0,240.0,8.0,234.0,39.0,31.0,157.0,59.0
558.0,2.0,0.0,1.0,68.0,178.0,3.0,223.0,130.0,132.0,199.0,50.0
326.0,3.0,1.0,1.0,86.0,243.0,9.0,442.0,184.0,96.0,263.0,123.0
591.0,3.0,0.0,0.0,26.0,102.0,0.0,328.0,7.0,24.0,51.0,36.0
214.0,4.0,1.0,0.0,74.0,273.0,2.0,237.0,33.0,29.0,264.0,109.0
803.0,0.0,0.0,1.0,5.0,17.0,5.0,405.0,3.0,13.0,17.0,5.0
102.0,2.0,0.0,0.0,30.0,118.0,4.0,116.0,62.0,20.0,75.0,43.0
158.0,2.0,0.0,0.0,13.0,32.0,1.0,223.0,40.0,13.0,43.0,17.0
232.0,4.0,1.0,0.0,21.0,54.0,3.0,299.0,61.0,4.0,43.0,22.0
423.0,0.0,1.0,1.0,40.0,82.0,6.0,391.0,31.0,16.0,126.0,48.0
123.0,0.0,1.0,0.0,51.0,102.0,8.0,326.0,129.0,26.0,120.0,76.0
550.0,2.0,1.0,1.0,36.0,141.0,6.0,343.0,109.0,29.0,100.0,36.0
536.0,5.0,0.0,1.0,9.0,35.0,0.0,182.0,5.0,13.0,38.0,16.0
44.0,3.0,0.0,1.0,67.0,154.0,1.0,384.0,112.0,61.0,251.0,38.0
678.0,2.0,1.0,0.0,51.0,102.0,2.0,272.0,145.0,35.0,180.0,32.0
775.0,4.0,0.0,0.0,11.0,40.0,4.0,10.0,19.0,6.0,26.0,8.0
220.0,5.0,1.0,0.0,9.0,32.0,5.0,13.0,14.0,7.0,26.0,14.0
568.0,2.0,1.0,1.0,76.0,272.0,6.0,210.0,0.0,86.0,256.0,72.0
433.0,1.0,1.0,0.0,44.0,131.0,3.0,168.0,133.0,64.0,91.0,22.0
49.0,1.0,1.0,1.0,17.0,44.0,2.0,203.0,11.0,19.0,58.0,14.0
47.0,3.0,1.0,1.0,9.0,31.0,5.0,153.0,31.0,4.0,17.0,12.0
607.0,1.0,0.0,0.0,86.0,174.0,4.0,323.0,143.0,32.0,253.0,112.0
837.0,1.0,1.0,1.0,86.0,265.0,3.0,258.0,111.0,129.0,240.0,77.0
732.0,3.0,0.0,1.0,30.0,84.0,8.0,59.0,46.0,8.0,83.0,17.0
725.0,5.0,1.0,1.0,21.0,44.0,4.0,99.0,4.0,37.0,80.0,29.0
864.0,3.0,1.0,0.0,74.0,244.0,8.0,219.0,182.0,141.0,244.0,51.0
669.0,5.0,0.0,0.0,31.0,111.0,7.0,428.0,61.0,15.0,85.0,26.0
356.0,1.0,0.0,1.0,31.0,110.0,1.0,304.0,36.0,55.0,116.0,16.0
257.0,0.0,1.0,1.0,84.0,167.0,9.0,329.0,201.0,0.0,287.0,74.0
361.0,5.0,1.0,1.0,52.0,177.0,9.0,23.0,98.0,99.0,141.0,32.0
382.0,2.0,1.0,1.0,0.0,3.0,3.0,195.0,5.0,2.0,2.0,2.0
163.0,4.0,0.0,0.0,51.0,145.0,3.0,223.0,52.0,17.0,133.0,50.0
475.0,3.0,0.0,1.0,8.0,19.0,4.0,2.0,11.0,4.0,20.0,10.0
131.0,1.0,0.0,0.0,27.0,102.0,9.0,109.0,67.0,28.0,86.0,26.0
636.0,1.0,1.0,1.0,19.0,36.0,8.0,197.0,35.0,8.0,59.0,15.0
278.0,5.0,1.0,1.0,86.0,246.0,7.0,189.0,182.0,157.0,284.0,76.0
722.0,5.0,0.0,1.0,48.0,137.0,8.0,158.0,119.0,25.0,191.0,49.0
238.0,4.0,1.0,1.0,35.0,68.0,5.0,50.0,49.0,68.0,98.0,44.0
745.0,0.0,1.0,0.0,71.0,261.0,7.0,138.0,152.0,88.0,157.0,77.0
857.0,2.0,1.0,1.0,42.0,158.0,1.0,5.0,128.0,72.0,90.0,58.0
271.0,4.0,1.0,0.0,74.0,278.0,5.0,33.0,193.0,80.0,213.0,58.0
549.0,1.0,0.0,1.0,56.0,122.0,5.0,440.0,114.0,84.0,113.0,39.0
728.0,1.0,1.0,1.0,20.0,46.0,3.0,91.0,30.0,1.0,45.0,23.0
31.0,2.0,0.0,0.0,28.0,71.0,5.0,462.0,48.0,43.0,77.0,21.0
456.0,1.0,0.0,1.0,75.0,159.0,2.0,253.0,204.0,79.0,260.0,102.0
105.0,1.0,0.0,1.0,60.0,159.0,0.0,73.0,107.0,75.0,228.0,76.0
444.0,0.0,0.0,0.0,69.0,195.0,4.0,382.0,96.0,112.0,265.0,86.0
706.0,1.0,0.0,0.0,14.0,40.0,5.0,88.0,9.0,6.0,34.0,15.0
439.0,4.0,0.0,0.0,67.0,138.0,0.0,148.0,121.0,70.0,148.0,40.0
526.0,2.0,1.0,1.0,55.0,193.0,9.0,220.0,151.0,78.0,107.0,85.0
350.0,3.0,1.0,1.0,29.0,107.0,7.0,205.0,37.0,36.0,66.0,31.0
753.0,2.0,0.0,0.0,52.0,136.0,3.0,41.0,109.0,48.0,203.0,66.0
249.0,0.0,1.0,1.0,1.0,5.0,1.0,237.0,9.0,2.0,1.0,2.0
468.0,0.0,0.0,0.0,72.0,231.0,9.0,273.0,72.0,79.0,224.0,62.0
884.0,3.0,1.0,1.0,84.0,219.0,5.0,466.0,202.0,135.0,274.0,45.0
472.0,0.0,1.0,1.0,41.0,147.0,8.0,105.0,63.0,13.0,93.0,47.0
741.0,4.0,0.0,1.0,45.0,118.0,3.0,301.0,137.0,2.0,91.0,70.0
206.0,5.0,0.0,0.0,86.0,177.0,6.0,421.0,168.0,99.0,295.0,54.0
28.0,4.0,1.0,0.0,64.0,164.0,9.0,155.0,27.0,98.0,247.0,72.0
516.0,5.0,0.0,0.0,72.0,251.0,1.0,17.0,189.0,141.0,241.0,94.0
747.0,5.0,1.0,1.0,95.0,256.0,4.0,385.0,95.0,31.0,291.0,105.0
181.0,1.0,1.0,1.0,22.0,56.0,5.0,31.0,35.0,21.0,87.0,23.0
203.0,3.0,1.0,0.0,67.0,147.0,9.0,8.0,46.0,36.0,197.0,48.0
632.0,3.0,1.0,0.0,91.0,310.0,2.0,99.0,201.0,141.0,296.0,88.0
653.0,3.0,1.0,0.0,48.0,122.0,4.0,117.0,30.0,34.0,175.0,72.0
462.0,4.0,1.0,0.0,4.0,14.0,5.0,101.0,5.0,0.0,12.0,7.0
406.0,3.0,0.0,0.0,43.0,159.0,8.0,355.0,86.0,72.0,144.0,66.0
80.0,5.0,0.0,1.0,22.0,80.0,8.0,452.0,29.0,29.0,65.0,11.0
211.0,3.0,0.0,1.0,76.0,244.0,9.0,425.0,13.0,111.0,231.0,53.0
662.0,2.0,0.0,0.0,29.0,67.0,6.0,154.0,33.0,0.0,66.0,15.0
147.0,5.0,1.0,0.0,89.0,187.0,9.0,167.0,94.0,155.0,271.0,104.0
756.0,5.0,0.0,0.0,5.0,14.0,8.0,362.0,20.0,2.0,16.0,6.0
218.0,0.0,0.0,1.0,34.0,79.0,2.0,175.0,36.0,33.0,106.0,52.0
776.0,4.0,0.0,0.0,20.0,72.0,9.0,260.0,1.0,39.0,77.0,19.0
298.0,3.0,1.0,1.0,1.0,7.0,5.0,126.0,7.0,4.0,2.0,3.0
138.0,5.0,0.0,1.0,5.0,17.0,6.0,441.0,2.0,12.0,22.0,6.0
718.0,5.0,1.0,0.0,1.0,3.0,1.0,90.0,6.0,2.0,2.0,2.0
132.0,5.0,1.0,1.0,9.0,24.0,4.0,272.0,28.0,20.0,38.0,14.0
270.0,4.0,0.0,0.0,78.0,288.0,8.0,305.0,104.0,79.0,282.0,96.0
511.0,1.0,0.0,0.0,47.0,170.0,3.0,62.0,136.0,4.0,148.0,24.0
494.0,1.0,1.0,1.0,26.0,53.0,9.0,341.0,11.0,32.0,96.0,14.0
420.0,1.0,0.0,1.0,29.0,85.0,7.0,57.0,25.0,35.0,65.0,35.0
323.0,1.0,1.0,1.0,79.0,249.0,2.0,169.0,206.0,21.0,180.0,42.0
225.0,1.0,0.0,1.0,14.0,43.0,7.0,139.0,44.0,11.0,34.0,20.0
92.0,3.0,1.0,1.0,43.0,107.0,3.0,69.0,86.0,68.0,92.0,45.0
447.0,1.0,1.0,1.0,93.0,279.0,5.0,98.0,55.0,80.0,287.0,104.0
681.0,2.0,0.0,1.0,38.0,122.0,4.0,195.0,38.0,16.0,149.0,34.0
840.0,4.0,0.0,0.0,67.0,155.0,3.0,95.0,40.0,52.0,176.0,90.0
179.0,2.0,0.0,1.0,16.0,36.0,3.0,273.0,13.0,31.0,57.0,16.0
277.0,0.0,0.0,1.0,48.0,178.0,2.0,267.0,44.0,85.0,189.0,67.0
440.0,3.0,1.0,0.0,89.0,254.0,8.0,277.0,86.0,73.0,290.0,68.0
744.0,2.0,1.0,0.0,89.0,175.0,9.0,79.0,176.0,114.0,196.0,92.0
513.0,1.0,0.0,1.0,73.0,232.0,8.0,256.0,36.0,22.0,209.0,47.0
523.0,4.0,0.0,1.0,70.0,242.0,2.0,213.0,48.0,0.0,217.0,42.0
126.0,4.0,1.0,1.0,95.0,290.0,8.0,66.0,117.0,138.0,193.0,54.0
862.0,4.0,0.0,0.0,2.0,5.0,7.0,306.0,6.0,3.0,8.0,6.0
476.0,2.0,1.0,0.0,30.0,79.0,8.0,264.0,11.0,49.0,79.0,35.0
425.0,5.0,1.0,1.0,92.0,219.0,6.0,458.0,165.0,12.0,305.0,47.0
495.0,0.0,1.0,1.0,66.0,144.0,6.0,319.0,190.0,26.0,132.0,83.0
801.0,4.0,1.0,0.0,82.0,269.0,0.0,120.0,127.0,11.0,194.0,67.0
487.0,1.0,0.0,1.0,78.0,280.0,4.0,335.0,210.0,85.0,239.0,97.0
169.0,3.0,1.0,1.0,49.0,97.0,8.0,76.0,81.0,43.0,194.0,46.0
438.0,5.0,1.0,1.0,75.0,146.0,3.0,83.0,66.0,91.0,250.0,46.0
896.0,3.0,0.0,1.0,28.0,69.0,2.0,454.0,15.0,45.0,56.0,23.0
458.0,5.0,0.0,0.0,61.0,193.0,6.0,163.0,44.0,36.0,176.0,91.0
120.0,5.0,1.0,1.0,84.0,244.0,4.0,426.0,209.0,96.0,174.0,112.0
748.0,4.0,0.0,1.0,80.0,179.0,2.0,28.0,213.0,68.0,269.0,102.0
489.0,2.0,0.0,0.0,37.0,138.0,7.0,49.0,27.0,2.0,76.0,29.0
503.0,4.0,1.0,1.0,76.0,248.0,0.0,130.0,90.0,110.0,177.0,56.0
825.0,0.0,0.0,0.0,87.0,203.0,4.0,195.0,24.0,97.0,200.0,117.0
266.0,1.0,1.0,1.0,33.0,109.0,4.0,469.0,32.0,27.0,83.0,45.0
35.0,0.0,1.0,0.0,55.0,150.0,7.0,264.0,2.0,94.0,156.0,45.0
244.0,3.0,0.0,0.0,63.0,234.0,4.0,437.0,153.0,107.0,133.0,81.0
254.0,5.0,0.0,1.0,94.0,317.0,4.0,48.0,22.0,132.0,311.0,94.0
414.0,3.0,0.0,0.0,84.0,223.0,1.0,21.0,138.0,38.0,268.0,43.0
372.0,1.0,1.0,1.0,76.0,209.0,4.0,365.0,113.0,14.0,256.0,49.0
880.0,4.0,0.0,0.0,94.0,294.0,6.0,30.0,59.0,85.0,282.0,49.0
140.0,1.0,1.0,0.0,82.0,275.0,7.0,131.0,159.0,24.0,295.0,75.0
740.0,0.0,1.0,0.0,18.0,41.0,0.0,409.0,48.0,5.0,72.0,12.0
137.0,3.0,1.0,1.0,83.0,257.0,1.0,116.0,37.0,4.0,182.0,52.0
839.0,1.0,1.0,1.0,14.0,42.0,6.0,188.0,23.0,2.0,57.0,12.0
833.0,4.0,1.0,0.0,75.0,228.0,9.0,221.0,99.0,66.0,273.0,65.0
704.0,5.0,1.0,0.0,83.0,221.0,7.0,238.0,216.0,156.0,235.0,48.0
608.0,3.0,0.0,0.0,87.0,200.0,4.0,124.0,179.0,26.0,291.0,88.0
88.0,5.0,0.0,0.0,54.0,173.0,3.0,65.0,114.0,67.0,106.0,56.0
196.0,5.0,1.0,0.0,9.0,21.0,1.0,416.0,25.0,10.0,36.0,6.0
691.0,1.0,0.0,0.0,19.0,36.0,5.0,61.0,28.0,21.0,74.0,25.0
630.0,4.0,1.0,0.0,9.0,29.0,8.0,89.0,15.0,10.0,37.0,7.0
483.0,0.0,1.0,1.0,10.0,28.0,0.0,301.0,16.0,10.0,29.0,9.0
151.0,3.0,1.0,0.0,55.0,183.0,0.0,29.0,75.0,104.0,199.0,71.0
663.0,3.0,1.0,1.0,82.0,250.0,3.0,353.0,149.0,84.0,256.0,123.0
736.0,5.0,0.0,0.0,5.0,20.0,7.0,111.0,14.0,7.0,21.0,8.0
178.0,2.0,0.0,0.0,75.0,145.0,8.0,171.0,129.0,51.0,202.0,66.0
652.0,3.0,0.0,0.0,59.0,226.0,8.0,333.0,42.0,34.0,159.0,68.0
739.0,0.0,1.0,0.0,67.0,216.0,4.0,11.0,57.0,93.0,249.0,80.0
25.0,3.0,1.0,1.0,16.0,32.0,8.0,122.0,7.0,5.0,49.0,26.0
280.0,4.0,1.0,0.0,41.0,94.0,0.0,239.0,100.0,18.0,82.0,55.0
751.0,1.0,0.0,1.0,18.0,50.0,6.0,211.0,51.0,11.0,72.0,16.0
226.0,4.0,1.0,1.0,78.0,181.0,8.0,304.0,26.0,89.0,183.0,53.0
733.0,5.0,1.0,0.0,66.0,169.0,5.0,310.0,173.0,115.0,240.0,93.0
309.0,3.0,0.0,1.0,63.0,211.0,2.0,140.0,164.0,114.0,209.0,68.0
387.0,5.0,0.0,0.0,97.0,229.0,0.0,176.0,212.0,125.0,197.0,127.0
781.0,2.0,1.0,0.0,82.0,262.0,4.0,411.0,19.0,152.0,297.0,44.0
571.0,5.0,1.0,1.0,38.0,75.0,0.0,213.0,36.0,77.0,88.0,44.0
1.0,3.0,0.0,0.0,80.0,281.0,3.0,124.0,174.0,33.0,224.0,79.0
91.0,0.0,1.0,0.0,82.0,196.0,9.0,227.0,52.0,89.0,292.0,107.0
136.0,2.0,0.0,0.0,48.0,99.0,1.0,212.0,120.0,9.0,141.0,71.0
32.0,5.0,0.0,1.0,5.0,10.0,9.0,323.0,17.0,0.0,17.0,6.0
161.0,2.0,0.0,0.0,95.0,187.0,7.0,72.0,29.0,133.0,309.0,107.0
395.0,5.0,0.0,0.0,35.0,132.0,0.0,126.0,39.0,6.0,73.0,28.0
470.0,2.0,0.0,1.0,86.0,282.0,9.0,409.0,8.0,48.0,247.0,124.0
658.0,5.0,0.0,1.0,71.0,176.0,7.0,405.0,67.0,82.0,193.0,58.0
351.0,2.0,1.0,0.0,55.0,200.0,4.0,20.0,17.0,110.0,155.0,51.0
778.0,4.0,0.0,0.0,54.0,113.0,1.0,334.0,57.0,29.0,138.0,34.0
795.0,2.0,0.0,0.0,68.0,225.0,8.0,256.0,134.0,66.0,241.0,72.0
46.0,3.0,1.0,1.0,57.0,194.0,4.0,376.0,20.0,46.0,204.0,64.0
400.0,2.0,0.0,1.0,48.0,150.0,7.0,319.0,89.0,59.0,174.0,72.0
157.0,5.0,1.0,0.0,78.0,276.0,6.0,193.0,147.0,2.0,166.0,70.0
87.0,2.0,1.0,1.0,15.0,31.0,9.0,313.0,23.0,14.0,43.0,17.0
485.0,3.0,0.0,1.0,75.0,218.0,3.0,399.0,30.0,96.0,197.0,70.0
881.0,2.0,1.0,0.0,67.0,155.0,7.0,383.0,187.0,86.0,257.0,36.0
111.0,0.0,0.0,1.0,41.0,134.0,6.0,236.0,39.0,9.0,160.0,57.0
165.0,2.0,1.0,0.0,14.0,45.0,2.0,382.0,15.0,24.0,40.0,14.0
205.0,1.0,1.0,0.0,12.0,29.0,3.0,4.0,33.0,8.0,22.0,8.0
19.0,1.0,0.0,1.0,95.0,308.0,0.0,334.0,187.0,76.0,197.0,108.0
582.0,2.0,0.0,0.0,86.0,247.0,7.0,316.0,129.0,145.0,196.0,108.0
331.0,1.0,1.0,1.0,51.0,133.0,6.0,159.0,133.0,102.0,182.0,78.0
93.0,5.0,1.0,0.0,63.0,174.0,1.0,463.0,136.0,33.0,227.0,71.0
534.0,2.0,1.0,1.0,65.0,218.0,1.0,3.0,143.0,71.0,233.0,100.0
620.0,5.0,0.0,0.0,92.0,205.0,2.0,431.0,133.0,114.0,238.0,68.0
347.0,4.0,0.0,0.0,61.0,141.0,8.0,357.0,9.0,65.0,147.0,77.0
850.0,0.0,1.0,1.0,10.0,26.0,1.0,416.0,33.0,6.0,18.0,15.0
814.0,0.0,0.0,1.0,80.0,273.0,2.0,81.0,40.0,8.0,230.0,57.0
250.0,3.0,0.0,0.0,37.0,140.0,1.0,341.0,48.0,40.0,142.0,55.0
867.0,1.0,0.0,1.0,33.0,123.0,4.0,132.0,33.0,62.0,69.0,31.0
752.0,5.0,1.0,1.0,38.0,146.0,5.0,165.0,1.0,6.0,114.0,35.0
269.0,3.0,1.0,0.0,57.0,219.0,0.0,5.0,154.0,98.0,203.0,63.0
231.0,1.0,1.0,0.0,22.0,50.0,7.0,61.0,38.0,6.0,66.0,34.0
717.0,1.0,1.0,0.0,41.0,154.0,9.0,74.0,68.0,62.0,95.0,57.0
114.0,2.0,0.0,0.0,71.0,180.0,6.0,195.0,21.0,131.0,161.0,40.0
393.0,1.0,0.0,0.0,73.0,151.0,4.0,185.0,160.0,45.0,215.0,51.0
317.0,1.0,1.0,0.0,60.0,218.0,7.0,423.0,92.0,14.0,226.0,70.0
743.0,2.0,1.0,1.0,48.0,184.0,6.0,374.0,32.0,47.0,92.0,65.0
421.0,2.0,0.0,0.0,67.0,171.0,9.0,73.0,155.0,43.0,220.0,54.0
769.0,5.0,0.0,1.0,43.0,161.0,0.0,265.0,107.0,75.0,113.0,65.0
563.0,1.0,1.0,0.0,82.0,291.0,6.0,318.0,194.0,59.0,166.0,120.0
738.0,1.0,0.0,1.0,67.0,210.0,7.0,296.0,169.0,1.0,205.0,90.0
595.0,0.0,1.0,1.0,74.0,256.0,0.0,102.0,101.0,110.0,262.0,68.0
79.0,0.0,0.0,1.0,60.0,211.0,8.0,449.0,156.0,66.0,151.0,82.0
649.0,4.0,1.0,0.0,69.0,187.0,6.0,433.0,48.0,32.0,190.0,76.0
75.0,5.0,0.0,1.0,75.0,158.0,9.0,223.0,87.0,48.0,225.0,80.0
70.0,4.0,1.0,0.0,19.0,71.0,1.0,368.0,13.0,17.0,64.0,13.0
497.0,5.0,0.0,1.0,21.0,61.0,7.0,245.0,68.0,33.0,81.0,20.0
139.0,1.0,1.0,1.0,88.0,275.0,0.0,292.0,202.0,72.0,234.0,47.0
719.0,5.0,1.0,1.0,42.0,143.0,2.0,110.0,96.0,22.0,160.0,58.0
621.0,1.0,1.0,1.0,8.0,17.0,3.0,388.0,30.0,13.0,17.0,14.0
182.0,5.0,0.0,0.0,40.0,85.0,5.0,446.0,33.0,24.0,116.0,57.0
78.0,5.0,1.0,0.0,41.0,136.0,5.0,1.0,125.0,43.0,118.0,51.0
208.0,2.0,1.0,1.0,93.0,312.0,3.0,459.0,200.0,158.0,185.0,115.0
22.0,3.0,1.0,0.0,49.0,171.0,4.0,72.0,2.0,80.0,148.0,63.0
142.0,3.0,1.0,0.0,39.0,78.0,0.0,419.0,121.0,0.0,155.0,34.0
66.0,3.0,0.0,1.0,30.0,79.0,0.0,96.0,40.0,18.0,65.0,47.0
754.0,3.0,0.0,0.0,75.0,235.0,8.0,286.0,35.0,112.0,184.0,99.0
570.0,1.0,1.0,0.0,10.0,23.0,6.0,378.0,7.0,22.0,19.0,6.0
13.0,4.0,0.0,0.0,86.0,195.0,8.0,184.0,183.0,32.0,215.0,124.0
465.0,1.0,0.0,1.0,73.0,201.0,9.0,280.0,130.0,101.0,266.0,81.0
618.0,0.0,1.0,1.0,16.0,35.0,0.0,366.0,23.0,7.0,30.0,12.0
288.0,5.0,1.0,0.0,44.0,108.0,7.0,292.0,66.0,31.0,95.0,55.0
561.0,3.0,0.0,1.0,33.0,95.0,5.0,271.0,105.0,57.0,93.0,24.0
412.0,4.0,1.0,1.0,90.0,260.0,5.0,363.0,208.0,95.0,214.0,126.0
263.0,3.0,0.0,0.0,37.0,133.0,7.0,148.0,26.0,22.0,130.0,29.0
724.0,5.0,1.0,1.0,72.0,226.0,7.0,434.0,44.0,67.0,199.0,87.0
764.0,3.0,1.0,0.0,37.0,112.0,2.0,240.0,67.0,60.0,81.0,20.0
268.0,3.0,0.0,0.0,75.0,257.0,1.0,104.0,139.0,75.0,257.0,62.0
787.0,1.0,0.0,0.0,26.0,63.0,6.0,196.0,5.0,49.0,63.0,42.0
130.0,5.0,0.0,0.0,66.0,193.0,4.0,218.0,6.0,115.0,258.0,34.0
435.0,0.0,1.0,0.0,79.0,245.0,9.0,36.0,59.0,56.0,228.0,58.0
20.0,5.0,1.0,1.0,71.0,208.0,8.0,453.0,186.0,104.0,186.0,98.0
544.0,0.0,1.0,1.0,35.0,106.0,2.0,182.0,63.0,4.0,97.0,54.0
784.0,5.0,0.0,1.0,48.0,154.0,6.0,172.0,130.0,91.0,146.0,33.0
243.0,1.0,0.0,1.0,80.0,180.0,3.0,251.0,167.0,119.0,289.0,66.0
82.0,2.0,1.0,0.0,82.0,241.0,7.0,253.0,87.0,131.0,298.0,42.0
325.0,5.0,1.0,1.0,13.0,49.0,1.0,87.0,9.0,14.0,24.0,12.0
170.0,0.0,0.0,0.0,16.0,48.0,7.0,198.0,40.0,29.0,46.0,17.0
646.0,5.0,0.0,1.0,85.0,173.0,5.0,71.0,180.0,32.0,236.0,118.0
71.0,5.0,0.0,1.0,9.0,28.0,9.0,229.0,33.0,7.0,30.0,5.0
99.0,5.0,0.0,1.0,3.0,6.0,8.0,250.0,15.0,6.0,7.0,4.0
521.0,3.0,0.0,0.0,45.0,101.0,3.0,173.0,133.0,31.0,129.0,48.0
714.0,1.0,0.0,1.0,65.0,177.0,2.0,392.0,88.0,59.0,173.0,61.0
575.0,4.0,1.0,0.0,83.0,231.0,0.0,81.0,20.0,4.0,209.0,113.0
376.0,1.0,1.0,1.0,28.0,54.0,7.0,166.0,39.0,17.0,109.0,39.0
453.0,3.0,1.0,0.0,70.0,196.0,7.0,203.0,22.0,105.0,203.0,36.0
694.0,2.0,1.0,0.0,76.0,159.0,2.0,358.0,169.0,63.0,197.0,115.0
378.0,0.0,1.0,0.0,83.0,162.0,5.0,255.0,66.0,84.0,179.0,51.0
106.0,0.0,0.0,1.0,51.0,141.0,0.0,471.0,18.0,21.0,202.0,58.0
84.0,1.0,0.0,1.0,33.0,66.0,0.0,442.0,42.0,32.0,112.0,42.0
234.0,4.0,0.0,0.0,26.0,55.0,8.0,88.0,23.0,42.0,77.0,20.0
279.0,5.0,0.0,1.0,76.0,207.0,9.0,174.0,59.0,88.0,237.0,49.0
697.0,3.0,0.0,1.0,51.0,191.0,6.0,100.0,149.0,0.0,165.0,59.0
532.0,5.0,0.0,0.0,68.0,173.0,5.0,168.0,48.0,116.0,163.0,38.0
68.0,5.0,1.0,0.0,35.0,91.0,1.0,206.0,96.0,51.0,105.0,30.0
757.0,0.0,1.0,1.0,18.0,40.0,7.0,276.0,22.0,24.0,66.0,16.0
509.0,5.0,1.0,1.0,39.0,117.0,3.0,7.0,83.0,10.0,123.0,33.0
449.0,2.0,1.0,0.0,68.0,239.0,8.0,57.0,35.0,133.0,142.0,45.0
887.0,0.0,1.0,0.0,25.0,77.0,6.0,243.0,10.0,19.0,56.0,28.0
8.0,4.0,0.0,0.0,71.0,236.0,7.0,152.0,6.0,18.0,198.0,104.0
766.0,1.0,1.0,0.0,42.0,114.0,1.0,457.0,99.0,65.0,143.0,60.0
224.0,2.0,1.0,1.0,37.0,109.0,3.0,400.0,59.0,31.0,122.0,50.0
312.0,2.0,1.0,1.0,28.0,65.0,1.0,408.0,55.0,48.0,55.0,21.0
546.0,3.0,1.0,0.0,11.0,44.0,2.0,307.0,28.0,20.0,36.0,9.0
397.0,5.0,1.0,1.0,51.0,129.0,8.0,327.0,77.0,9.0,185.0,59.0
565.0,0.0,1.0,1.0,22.0,46.0,7.0,348.0,64.0,10.0,69.0,29.0
672.0,1.0,0.0,0.0,79.0,272.0,1.0,295.0,83.0,51.0,203.0,54.0
150.0,3.0,1.0,1.0,62.0,143.0,6.0,124.0,154.0,91.0,177.0,32.0
405.0,3.0,0.0,0.0,36.0,111.0,1.0,314.0,1.0,5.0,76.0,51.0
847.0,3.0,0.0,1.0,20.0,38.0,0.0,439.0,14.0,26.0,40.0,23.0
117.0,5.0,0.0,1.0,67.0,225.0,2.0,62.0,166.0,69.0,207.0,89.0
613.0,1.0,1.0,1.0,26.0,84.0,6.0,159.0,25.0,42.0,97.0,30.0
197.0,5.0,0.0,1.0,85.0,260.0,4.0,284.0,217.0,8.0,247.0,101.0
531.0,3.0,1.0,1.0,82.0,271.0,9.0,285.0,145.0,34.0,271.0,108.0
712.0,0.0,0.0,1.0,91.0,228.0,4.0,235.0,192.0,7.0,294.0,54.0
60.0,0.0,1.0,1.0,97.0,318.0,2.0,215.0,167.0,98.0,194.0,59.0
680.0,4.0,0.0,0.0,10.0,22.0,3.0,448.0,17.0,21.0,22.0,9.0
473.0,3.0,1.0,1.0,83.0,231.0,8.0,356.0,97.0,12.0,290.0,101.0
533.0,4.0,1.0,1.0,48.0,169.0,6.0,5.0,54.0,56.0,121.0,33.0
461.0,5.0,1.0,1.0,52.0,157.0,0.0,46.0,12.0,45.0,186.0,52.0
685.0,5.0,1.0,1.0,22.0,59.0,9.0,161.0,65.0,21.0,47.0,26.0
360.0,2.0,0.0,0.0,41.0,91.0,0.0,150.0,45.0,45.0,119.0,51.0
413.0,4.0,1.0,0.0,27.0,105.0,4.0,352.0,67.0,40.0,67.0,16.0
651.0,4.0,0.0,0.0,95.0,183.0,9.0,392.0,65.0,133.0,196.0,125.0
349.0,3.0,0.0,1.0,36.0,142.0,9.0,184.0,95.0,10.0,86.0,36.0
180.0,2.0,1.0,0.0,66.0,176.0,3.0,379.0,171.0,9.0,228.0,54.0
858.0,0.0,1.0,0.0,67.0,184.0,9.0,307.0,24.0,87.0,157.0,62.0
24.0,0.0,1.0,1.0,93.0,196.0,6.0,207.0,150.0,116.0,302.0,129.0
364.0,2.0,1.0,1.0,96.0,293.0,0.0,3.0,48.0,158.0,235.0,86.0
253.0,0.0,0.0,0.0,4.0,13.0,4.0,225.0,17.0,1.0,6.0,3.0
295.0,1.0,1.0,0.0,78.0,258.0,2.0,291.0,61.0,123.0,216.0,99.0
765.0,1.0,0.0,0.0,85.0,299.0,7.0,287.0,55.0,105.0,171.0,81.0
73.0,4.0,1.0,1.0,90.0,237.0,4.0,471.0,95.0,103.0,260.0,125.0
477.0,3.0,1.0,0.0,89.0,186.0,9.0,102.0,64.0,133.0,228.0,126.0
644.0,3.0,0.0,1.0,76.0,238.0,2.0,170.0,136.0,71.0,201.0,92.0
83.0,4.0,1.0,0.0,7.0,29.0,4.0,274.0,1.0,4.0,13.0,12.0
434.0,4.0,1.0,1.0,77.0,287.0,4.0,279.0,161.0,144.0,243.0,50.0
213.0,3.0,0.0,1.0,22.0,42.0,5.0,467.0,69.0,3.0,67.0,33.0
445.0,2.0,1.0,0.0,46.0,149.0,9.0,438.0,18.0,33.0,127.0,51.0
188.0,0.0,0.0,1.0,23.0,52.0,8.0,146.0,52.0,44.0,78.0,23.0
164.0,1.0,1.0,0.0,93.0,188.0,7.0,435.0,215.0,0.0,306.0,62.0
705.0,0.0,0.0,0.0,73.0,217.0,6.0,338.0,90.0,48.0,195.0,71.0
545.0,0.0,1.0,0.0,39.0,81.0,8.0,0.0,110.0,64.0,79.0,35.0
441.0,2.0,0.0,0.0,43.0,89.0,7.0,80.0,19.0,60.0,163.0,27.0
656.0,0.0,0.0,1.0,83.0,235.0,9.0,200.0,130.0,51.0,230.0,71.0
695.0,3.0,0.0,1.0,41.0,156.0,4.0,213.0,58.0,37.0,121.0,58.0
101.0,0.0,1.0,0.0,58.0,117.0,0.0,241.0,31.0,21.0,172.0,68.0
493.0,5.0,0.0,0.0,71.0,243.0,4.0,358.0,15.0,119.0,254.0,103.0
866.0,4.0,1.0,1.0,30.0,62.0,7.0,298.0,81.0,19.0,63.0,40.0
895.0,0.0,0.0,0.0,95.0,255.0,8.0,37.0,134.0,156.0,193.0,82.0
76.0,0.0,0.0,0.0,51.0,168.0,2.0,301.0,48.0,39.0,137.0,36.0
308.0,1.0,1.0,1.0,2.0,10.0,8.0,395.0,2.0,0.0,10.0,6.0
750.0,2.0,1.0,1.0,17.0,40.0,7.0,258.0,33.0,27.0,40.0,27.0
162.0,3.0,0.0,0.0,33.0,96.0,7.0,21.0,25.0,9.0,119.0,24.0
581.0,1.0,0.0,0.0,89.0,299.0,5.0,295.0,87.0,16.0,295.0,88.0
676.0,0.0,1.0,0.0,10.0,25.0,8.0,40.0,5.0,12.0,24.0,6.0
671.0,0.0,1.0,0.0,57.0,220.0,7.0,220.0,23.0,81.0,142.0,58.0
36.0,4.0,1.0,0.0,56.0,120.0,0.0,281.0,6.0,50.0,153.0,28.0
557.0,2.0,0.0,0.0,36.0,87.0,7.0,63.0,84.0,5.0,85.0,23.0
255.0,0.0,0.0,0.0,2.0,9.0,1.0,367.0,10.0,3.0,7.0,3.0
716.0,0.0,1.0,0.0,17.0,63.0,1.0,356.0,22.0,37.0,38.0,22.0
430.0,0.0,0.0,0.0,1.0,2.0,0.0,458.0,3.0,4.0,2.0,2.0
301.0,2.0,1.0,1.0,36.0,73.0,5.0,443.0,61.0,6.0,77.0,19.0
191.0,4.0,0.0,1.0,80.0,264.0,0.0,60.0,69.0,110.0,251.0,114.0
437.0,5.0,0.0,1.0,39.0,94.0,1.0,387.0,45.0,61.0,79.0,49.0
619.0,3.0,1.0,0.0,34.0,91.0,5.0,279.0,7.0,13.0,69.0,22.0
340.0,2.0,0.0,0.0,65.0,201.0,3.0,54.0,33.0,115.0,194.0,86.0
817.0,5.0,0.0,0.0,92.0,311.0,4.0,158.0,195.0,74.0,215.0,63.0
808.0,2.0,0.0,1.0,29.0,100.0,1.0,75.0,32.0,30.0,68.0,20.0
794.0,2.0,0.0,0.0,8.0,33.0,8.0,464.0,23.0,8.0,25.0,5.0
689.0,4.0,0.0,0.0,53.0,109.0,5.0,130.0,19.0,24.0,194.0,56.0
859.0,4.0,0.0,1.0,19.0,75.0,9.0,100.0,61.0,9.0,51.0,10.0
666.0,3.0,0.0,0.0,19.0,71.0,2.0,322.0,8.0,40.0,75.0,13.0
297.0,1.0,0.0,0.0,1.0,9.0,8.0,354.0,2.0,0.0,2.0,2.0
585.0,4.0,0.0,1.0,77.0,281.0,4.0,19.0,107.0,129.0,283.0,63.0
62.0,1.0,0.0,0.0,42.0,101.0,5.0,297.0,97.0,27.0,165.0,53.0
442.0,5.0,0.0,1.0,69.0,146.0,1.0,130.0,77.0,90.0,215.0,94.0
788.0,1.0,0.0,0.0,44.0,157.0,7.0,83.0,130.0,60.0,91.0,28.0
172.0,5.0,1.0,1.0,50.0,170.0,3.0,401.0,25.0,69.0,133.0,55.0
541.0,0.0,0.0,0.0,66.0,204.0,9.0,343.0,170.0,13.0,179.0,36.0
592.0,5.0,0.0,1.0,63.0,172.0,1.0,27.0,82.0,4.0,209.0,70.0
760.0,1.0,0.0,1.0,86.0,298.0,6.0,204.0,103.0,71.0,245.0,117.0
65.0,4.0,1.0,0.0,0.0,3.0,4.0,80.0,1.0,1.0,0.0,0.0
177.0,2.0,0.0,1.0,63.0,197.0,6.0,24.0,83.0,1.0,219.0,47.0
878.0,4.0,1.0,0.0,38.0,142.0,3.0,394.0,88.0,69.0,115.0,44.0
721.0,5.0,1.0,1.0,6.0,18.0,6.0,216.0,23.0,12.0,12.0,11.0
761.0,4.0,0.0,1.0,27.0,53.0,8.0,253.0,3.0,31.0,78.0,35.0
605.0,0.0,1.0,1.0,71.0,239.0,4.0,290.0,140.0,31.0,272.0,60.0
194.0,2.0,0.0,0.0,77.0,174.0,8.0,340.0,192.0,121.0,189.0,71.0
601.0,1.0,1.0,1.0,8.0,28.0,0.0,328.0,2.0,2.0,28.0,9.0
551.0,4.0,1.0,1.0,1.0,8.0,1.0,13.0,8.0,1.0,4.0,1.0
408.0,2.0,1.0,0.0,2.0,7.0,2.0,94.0,9.0,3.0,3.0,2.0
34.0,2.0,0.0,1.0,79.0,210.0,8.0,346.0,203.0,123.0,256.0,73.0
633.0,5.0,1.0,0.0,31.0,93.0,5.0,141.0,21.0,5.0,66.0,28.0
110.0,2.0,0.0,0.0,0.0,4.0,3.0,432.0,5.0,2.0,3.0,2.0
436.0,2.0,0.0,1.0,27.0,67.0,3.0,71.0,78.0,26.0,71.0,40.0
167.0,2.0,0.0,0.0,29.0,80.0,8.0,188.0,54.0,11.0,115.0,15.0
687.0,4.0,0.0,1.0,59.0,128.0,1.0,78.0,108.0,20.0,198.0,39.0
422.0,3.0,1.0,0.0,82.0,252.0,5.0,238.0,197.0,88.0,228.0,47.0
259.0,4.0,0.0,0.0,76.0,273.0,9.0,247.0,201.0,7.0,255.0,63.0
786.0,5.0,1.0,0.0,25.0,80.0,6.0,372.0,23.0,28.0,70.0,37.0
419.0,3.0,0.0,1.0,23.0,65.0,2.0,91.0,39.0,33.0,80.0,30.0
215.0,3.0,0.0,0.0,29.0,78.0,5.0,145.0,88.0,51.0,113.0,20.0
190.0,0.0,0.0,0.0,73.0,253.0,9.0,196.0,117.0,28.0,249.0,61.0
41.0,2.0,0.0,0.0,3.0,12.0,0.0,460.0,16.0,3.0,10.0,6.0
108.0,5.0,1.0,0.0,21.0,51.0,8.0,25.0,57.0,33.0,44.0,27.0
707.0,4.0,0.0,1.0,16.0,40.0,6.0,114.0,18.0,24.0,42.0,16.0
501.0,3.0,1.0,1.0,47.0,165.0,9.0,412.0,126.0,87.0,136.0,48.0
242.0,2.0,0.0,0.0,43.0,84.0,8.0,230.0,0.0,6.0,117.0,25.0
553.0,0.0,1.0,0.0,49.0,187.0,5.0,444.0,19.0,71.0,176.0,57.0
834.0,4.0,0.0,1.0,78.0,285.0,2.0,136.0,189.0,113.0,213.0,57.0
667.0,0.0,1.0,0.0,67.0,222.0,0.0,253.0,79.0,73.0,222.0,94.0
121.0,3.0,1.0,1.0,32.0,124.0,3.0,381.0,66.0,3.0,123.0,49.0
285.0,4.0,1.0,0.0,90.0,204.0,2.0,278.0,205.0,46.0,276.0,86.0
432.0,4.0,0.0,1.0,1.0,8.0,1.0,116.0,8.0,1.0,6.0,4.0
805.0,0.0,1.0,1.0,29.0,78.0,3.0,247.0,18.0,46.0,103.0,33.0
783.0,5.0,0.0,0.0,30.0,115.0,2.0,145.0,78.0,62.0,62.0,21.0
353.0,2.0,0.0,0.0,62.0,159.0,7.0,129.0,112.0,60.0,156.0,45.0
77.0,5.0,1.0,1.0,92.0,306.0,7.0,1.0,42.0,122.0,309.0,126.0
674.0,5.0,0.0,1.0,75.0,154.0,0.0,287.0,12.0,143.0,151.0,39.0
624.0,2.0,0.0,0.0,47.0,174.0,3.0,144.0,129.0,50.0,95.0,58.0
251.0,0.0,1.0,0.0,64.0,191.0,2.0,193.0,109.0,9.0,222.0,98.0
329.0,1.0,0.0,0.0,10.0,24.0,5.0,99.0,10.0,4.0,24.0,9.0
843.0,4.0,0.0,1.0,48.0,185.0,8.0,244.0,134.0,44.0,137.0,46.0
229.0,4.0,0.0,0.0,44.0,87.0,8.0,189.0,9.0,24.0,108.0,63.0
222.0,3.0,0.0,1.0,51.0,159.0,0.0,42.0,157.0,31.0,136.0,68.0
596.0,4.0,0.0,0.0,74.0,233.0,1.0,294.0,47.0,129.0,260.0,43.0
174.0,0.0,1.0,0.0,50.0,173.0,6.0,235.0,74.0,95.0,158.0,36.0
554.0,1.0,0.0,0.0,61.0,171.0,8.0,430.0,44.0,58.0,148.0,52.0
37.0,2.0,0.0,0.0,16.0,47.0,2.0,415.0,46.0,7.0,60.0,13.0
322.0,4.0,1.0,1.0,13.0,28.0,4.0,437.0,16.0,0.0,42.0,17.0
524.0,4.0,0.0,0.0,54.0,147.0,5.0,127.0,100.0,105.0,139.0,70.0
264.0,3.0,1.0,1.0,61.0,167.0,0.0,186.0,164.0,9.0,157.0,53.0
426.0,2.0,0.0,1.0,74.0,210.0,5.0,198.0,22.0,134.0,170.0,71.0
785.0,0.0,1.0,0.0,77.0,243.0,8.0,428.0,142.0,142.0,260.0,63.0
307.0,0.0,1.0,0.0,68.0,235.0,6.0,317.0,150.0,102.0,136.0,67.0
375.0,2.0,0.0,1.0,61.0,229.0,3.0,121.0,78.0,22.0,123.0,69.0
699.0,0.0,1.0,0.0,36.0,139.0,4.0,68.0,60.0,57.0,88.0,46.0
657.0,0.0,0.0,0.0,54.0,109.0,5.0,123.0,149.0,74.0,210.0,75.0
755.0,4.0,1.0,1.0,62.0,146.0,0.0,21.0,176.0,109.0,132.0,45.0
221.0,3.0,1.0,0.0,62.0,135.0,4.0,190.0,107.0,98.0,204.0,51.0
767.0,4.0,1.0,1.0,23.0,45.0,9.0,315.0,12.0,41.0,62.0,35.0
146.0,0.0,0.0,1.0,10.0,23.0,0.0,264.0,16.0,5.0,22.0,15.0
809.0,2.0,1.0,1.0,54.0,157.0,6.0,435.0,5.0,100.0,140.0,52.0
729.0,0.0,0.0,1.0,72.0,143.0,5.0,235.0,63.0,85.0,181.0,41.0
792.0,2.0,1.0,0.0,81.0,196.0,2.0,291.0,184.0,41.0,243.0,68.0
737.0,1.0,0.0,0.0,77.0,239.0,9.0,303.0,148.0,30.0,174.0,88.0
869.0,4.0,1.0,0.0,62.0,186.0,9.0,77.0,24.0,61.0,194.0,62.0
815.0,1.0,0.0,0.0,24.0,66.0,3.0,41.0,60.0,14.0,87.0,30.0
12.0,2.0,1.0,0.0,96.0,314.0,4.0,267.0,211.0,0.0,225.0,76.0
577.0,1.0,0.0,0.0,23.0,70.0,9.0,460.0,75.0,42.0,59.0,19.0
499.0,5.0,0.0,0.0,71.0,162.0,0.0,38.0,62.0,84.0,223.0,49.0
873.0,2.0,0.0,0.0,69.0,155.0,6.0,436.0,38.0,105.0,178.0,82.0
332.0,5.0,0.0,0.0,93.0,181.0,0.0,170.0,135.0,15.0,202.0,67.0
115.0,3.0,1.0,0.0,70.0,199.0,1.0,329.0,109.0,42.0,239.0,57.0
451.0,3.0,0.0,1.0,39.0,138.0,2.0,302.0,67.0,37.0,98.0,56.0
366.0,5.0,0.0,1.0,0.0,1.0,8.0,411.0,3.0,3.0,1.0,3.0
398.0,0.0,0.0,0.0,1.0,4.0,7.0,378.0,3.0,0.0,5.0,4.0
86.0,0.0,0.0,1.0,59.0,220.0,5.0,133.0,39.0,23.0,170.0,49.0
683.0,1.0,0.0,0.0,61.0,172.0,9.0,98.0,130.0,13.0,221.0,92.0
708.0,4.0,0.0,0.0,8.0,19.0,7.0,187.0,3.0,1.0,15.0,10.0
200.0,0.0,0.0,0.0,81.0,201.0,0.0,286.0,62.0,120.0,235.0,102.0
584.0,4.0,1.0,0.0,77.0,239.0,8.0,226.0,44.0,3.0,242.0,98.0
59.0,2.0,1.0,1.0,33.0,113.0,6.0,131.0,12.0,68.0,117.0,29.0
692.0,4.0,1.0,0.0,62.0,139.0,2.0,181.0,24.0,37.0,179.0,65.0
762.0,0.0,0.0,0.0,72.0,227.0,7.0,378.0,9.0,29.0,271.0,49.0
616.0,2.0,1.0,1.0,36.0,70.0,9.0,385.0,18.0,52.0,85.0,56.0
890.0,2.0,1.0,0.0,35.0,127.0,1.0,409.0,48.0,16.0,133.0,53.0
379.0,2.0,1.0,1.0,83.0,283.0,6.0,160.0,209.0,44.0,211.0,55.0
5.0,3.0,0.0,0.0,47.0,112.0,3.0,245.0,98.0,12.0,183.0,58.0
149.0,4.0,1.0,1.0,44.0,88.0,9.0,246.0,53.0,59.0,130.0,30.0
287.0,4.0,0.0,1.0,64.0,151.0,7.0,61.0,66.0,123.0,237.0,45.0
820.0,3.0,0.0,1.0,79.0,247.0,4.0,467.0,52.0,96.0,164.0,99.0
877.0,1.0,1.0,0.0,70.0,260.0,6.0,368.0,101.0,102.0,261.0,40.0
796.0,0.0,1.0,1.0,93.0,289.0,0.0,151.0,84.0,95.0,235.0,56.0
625.0,0.0,0.0,0.0,46.0,175.0,2.0,250.0,124.0,59.0,161.0,40.0
580.0,2.0,0.0,0.0,51.0,182.0,7.0,52.0,146.0,4.0,109.0,37.0
67.0,1.0,1.0,0.0,25.0,87.0,8.0,323.0,54.0,23.0,59.0,24.0
4.0,3.0,1.0,1.0,88.0,288.0,4.0,431.0,200.0,121.0,300.0,80.0
258.0,4.0,1.0,1.0,3.0,12.0,2.0,118.0,14.0,5.0,12.0,2.0
838.0,1.0,0.0,0.0,67.0,184.0,0.0,401.0,62.0,104.0,220.0,93.0
16.0,2.0,1.0,0.0,85.0,232.0,9.0,439.0,146.0,85.0,223.0,73.0
293.0,3.0,0.0,0.0,6.0,21.0,5.0,417.0,18.0,0.0,10.0,7.0
233.0,1.0,0.0,1.0,88.0,297.0,8.0,340.0,180.0,103.0,266.0,53.0
365.0,2.0,1.0,1.0,4.0,8.0,3.0,458.0,8.0,0.0,7.0,3.0
723.0,5.0,1.0,1.0,66.0,179.0,3.0,442.0,96.0,72.0,240.0,63.0
358.0,2.0,1.0,0.0,52.0,130.0,9.0,216.0,10.0,92.0,102.0,37.0
320.0,1.0,0.0,0.0,25.0,62.0,9.0,331.0,6.0,33.0,56.0,19.0
289.0,3.0,1.0,1.0,4.0,20.0,5.0,457.0,7.0,8.0,9.0,6.0
303.0,4.0,1.0,0.0,10.0,29.0,5.0,451.0,5.0,1.0,33.0,10.0
709.0,2.0,1.0,0.0,95.0,315.0,2.0,236.0,4.0,31.0,229.0,116.0
155.0,2.0,0.0,0.0,32.0,121.0,6.0,436.0,35.0,25.0,80.0,19.0
562.0,4.0,0.0,1.0,52.0,161.0,0.0,179.0,138.0,51.0,115.0,47.0
888.0,5.0,0.0,1.0,36.0,96.0,7.0,239.0,78.0,19.0,92.0,27.0
623.0,4.0,0.0,0.0,43.0,149.0,6.0,104.0,90.0,69.0,145.0,44.0
567.0,5.0,0.0,1.0,67.0,155.0,2.0,111.0,42.0,4.0,134.0,66.0
879.0,3.0,1.0,1.0,67.0,168.0,8.0,146.0,78.0,110.0,147.0,87.0
514.0,2.0,0.0,0.0,62.0,232.0,5.0,291.0,135.0,55.0,244.0,54.0
184.0,4.0,1.0,0.0,42.0,160.0,8.0,1.0,11.0,21.0,133.0,57.0
135.0,3.0,0.0,0.0,87.0,236.0,3.0,225.0,185.0,118.0,181.0,45.0
614.0,0.0,0.0,0.0,94.0,219.0,8.0,67.0,11.0,158.0,213.0,88.0
17.0,2.0,1.0,1.0,41.0,121.0,9.0,250.0,115.0,36.0,107.0,24.0
622.0,4.0,1.0,1.0,33.0,106.0,7.0,450.0,15.0,38.0,94.0,37.0
377.0,2.0,0.0,1.0,10.0,31.0,7.0,184.0,32.0,18.0,30.0,8.0
319.0,4.0,1.0,0.0,1.0,7.0,4.0,408.0,8.0,3.0,4.0,2.0
45.0,1.0,1.0,1.0,66.0,160.0,0.0,352.0,154.0,39.0,228.0,35.0
144.0,0.0,0.0,1.0,96.0,292.0,4.0,323.0,71.0,118.0,281.0,49.0
812.0,2.0,1.0,1.0,43.0,156.0,1.0,302.0,104.0,31.0,110.0,50.0
772.0,3.0,0.0,1.0,42.0,144.0,7.0,442.0,13.0,84.0,143.0,34.0
290.0,4.0,0.0,0.0,77.0,287.0,3.0,318.0,161.0,112.0,270.0,51.0
455.0,0.0,1.0,1.0,34.0,92.0,5.0,267.0,104.0,24.0,84.0,27.0
248.0,3.0,1.0,1.0,68.0,181.0,1.0,369.0,87.0,133.0,185.0,77.0
202.0,3.0,0.0,1.0,42.0,149.0,8.0,378.0,73.0,54.0,142.0,36.0
720.0,2.0,0.0,1.0,67.0,235.0,1.0,365.0,91.0,36.0,205.0,55.0
427.0,1.0,0.0,1.0,66.0,252.0,0.0,321.0,47.0,24.0,257.0,63.0
547.0,5.0,1.0,1.0,49.0,111.0,2.0,375.0,77.0,4.0,98.0,44.0
538.0,3.0,1.0,1.0,42.0,153.0,9.0,204.0,56.0,80.0,113.0,40.0
389.0,5.0,1.0,1.0,41.0,133.0,5.0,178.0,126.0,57.0,113.0,46.0
827.0,2.0,1.0,0.0,12.0,27.0,1.0,454.0,38.0,4.0,45.0,11.0
861.0,3.0,0.0,0.0,24.0,57.0,4.0,381.0,66.0,24.0,60.0,26.0
386.0,5.0,0.0,1.0,67.0,175.0,8.0,5.0,36.0,48.0,242.0,42.0
198.0,0.0,1.0,0.0,20.0,79.0,1.0,206.0,10.0,10.0,39.0,28.0
700.0,3.0,1.0,1.0,58.0,200.0,1.0,396.0,48.0,89.0,166.0,76.0
418.0,0.0,0.0,0.0,96.0,303.0,6.0,149.0,31.0,22.0,229.0,96.0
804.0,4.0,1.0,1.0,18.0,46.0,7.0,337.0,53.0,38.0,41.0,28.0
410.0,4.0,0.0,0.0,60.0,117.0,9.0,191.0,142.0,106.0,165.0,80.0
335.0,2.0,1.0,0.0,94.0,285.0,5.0,218.0,100.0,22.0,252.0,130.0
113.0,3.0,0.0,1.0,32.0,90.0,9.0,341.0,16.0,15.0,67.0,24.0
199.0,1.0,1.0,1.0,3.0,11.0,4.0,456.0,10.0,0.0,12.0,3.0
354.0,1.0,0.0,1.0,51.0,108.0,6.0,429.0,14.0,36.0,140.0,57.0
679.0,5.0,1.0,1.0,74.0,155.0,3.0,180.0,90.0,101.0,239.0,83.0
210.0,1.0,1.0,1.0,11.0,39.0,6.0,302.0,28.0,21.0,32.0,16.0
23.0,2.0,1.0,1.0,5.0,22.0,5.0,97.0,17.0,13.0,22.0,8.0
860.0,2.0,0.0,0.0,37.0,128.0,4.0,56.0,117.0,10.0,77.0,36.0
119.0,2.0,1.0,0.0,35.0,133.0,2.0,260.0,9.0,2.0,106.0,34.0
411.0,0.0,1.0,1.0,71.0,213.0,5.0,432.0,34.0,34.0,238.0,53.0
459.0,4.0,0.0,0.0,43.0,144.0,4.0,426.0,132.0,69.0,101.0,22.0
522.0,3.0,1.0,1.0,25.0,61.0,6.0,470.0,25.0,42.0,55.0,20.0
525.0,0.0,1.0,1.0,44.0,142.0,0.0,89.0,57.0,39.0,111.0,66.0
292.0,0.0,0.0,1.0,21.0,54.0,3.0,310.0,56.0,29.0,55.0,20.0
394.0,4.0,1.0,0.0,14.0,56.0,8.0,197.0,33.0,8.0,50.0,11.0
641.0,3.0,0.0,0.0,37.0,91.0,2.0,238.0,110.0,73.0,71.0,33.0
352.0,3.0,1.0,1.0,5.0,13.0,8.0,2.0,7.0,5.0,15.0,6.0
569.0,2.0,0.0,1.0,80.0,223.0,2.0,147.0,206.0,104.0,258.0,61.0
64.0,2.0,1.0,1.0,25.0,51.0,3.0,431.0,36.0,50.0,98.0,39.0
556.0,3.0,0.0,0.0,59.0,127.0,0.0,332.0,156.0,42.0,154.0,34.0
159.0,5.0,1.0,0.0,66.0,188.0,1.0,117.0,144.0,30.0,240.0,49.0
872.0,3.0,0.0,0.0,54.0,191.0,1.0,26.0,159.0,51.0,146.0,42.0
742.0,0.0,1.0,1.0,18.0,54.0,6.0,70.0,16.0,14.0,54.0,29.0
655.0,1.0,1.0,1.0,14.0,38.0,1.0,51.0,26.0,7.0,38.0,24.0
338.0,1.0,1.0,1.0,11.0,44.0,1.0,243.0,35.0,8.0,40.0,9.0
228.0,0.0,0.0,0.0,12.0,44.0,3.0,307.0,19.0,19.0,27.0,15.0
273.0,3.0,1.0,0.0,75.0,176.0,3.0,137.0,150.0,56.0,236.0,102.0
81.0,0.0,0.0,0.0,4.0,14.0,0.0,253.0,5.0,4.0,15.0,2.0
58.0,0.0,1.0,1.0,27.0,70.0,3.0,17.0,81.0,56.0,89.0,31.0
543.0,2.0,1.0,0.0,47.0,158.0,4.0,135.0,23.0,89.0,119.0,27.0
339.0,3.0,1.0,1.0,47.0,179.0,1.0,217.0,141.0,91.0,158.0,46.0
713.0,2.0,0.0,0.0,73.0,187.0,4.0,386.0,36.0,127.0,192.0,59.0
519.0,1.0,0.0,0.0,64.0,174.0,3.0,330.0,24.0,32.0,234.0,76.0
134.0,2.0,0.0,1.0,41.0,151.0,6.0,254.0,99.0,67.0,163.0,45.0
446.0,2.0,0.0,0.0,66.0,213.0,9.0,70.0,22.0,22.0,196.0,82.0
212.0,5.0,1.0,0.0,4.0,19.0,1.0,39.0,1.0,0.0,14.0,2.0
647.0,3.0,0.0,1.0,95.0,186.0,1.0,287.0,163.0,22.0,307.0,52.0
383.0,2.0,1.0,0.0,54.0,129.0,0.0,201.0,76.0,93.0,114.0,67.0
160.0,1.0,1.0,1.0,74.0,242.0,2.0,64.0,27.0,12.0,193.0,79.0
684.0,3.0,0.0,0.0,60.0,140.0,6.0,209.0,13.0,91.0,201.0,88.0
33.0,2.0,1.0,1.0,18.0,47.0,4.0,303.0,50.0,14.0,38.0,29.0
2.0,1.0,1.0,0.0,17.0,68.0,2.0,126.0,20.0,12.0,54.0,19.0
774.0,3.0,1.0,0.0,10.0,27.0,4.0,103.0,16.0,22.0,34.0,10.0
587.0,0.0,1.0,1.0,24.0,92.0,9.0,52.0,37.0,15.0,47.0,20.0
807.0,5.0,0.0,0.0,14.0,55.0,3.0,287.0,40.0,8.0,59.0,12.0
627.0,1.0,1.0,1.0,32.0,66.0,3.0,349.0,44.0,66.0,108.0,39.0
431.0,1.0,0.0,0.0,22.0,82.0,3.0,420.0,25.0,12.0,50.0,11.0
337.0,4.0,1.0,1.0,30.0,120.0,3.0,264.0,44.0,26.0,73.0,38.0
11.0,2.0,1.0,1.0,97.0,199.0,7.0,50.0,217.0,112.0,253.0,68.0
469.0,5.0,1.0,1.0,90.0,309.0,0.0,280.0,31.0,12.0,293.0,87.0
281.0,4.0,1.0,1.0,85.0,276.0,1.0,54.0,171.0,148.0,304.0,119.0
116.0,2.0,0.0,0.0,44.0,127.0,7.0,224.0,78.0,59.0,99.0,50.0
893.0,5.0,0.0,1.0,68.0,243.0,5.0,468.0,131.0,66.0,227.0,57.0
109.0,2.0,1.0,1.0,22.0,48.0,5.0,347.0,4.0,25.0,45.0,30.0
385.0,4.0,0.0,1.0,67.0,153.0,3.0,239.0,59.0,9.0,228.0,36.0
230.0,2.0,0.0,1.0,84.0,231.0,9.0,240.0,136.0,76.0,291.0,54.0
515.0,4.0,0.0,1.0,71.0,162.0,8.0,418.0,177.0,43.0,221.0,52.0
207.0,3.0,0.0,0.0,85.0,279.0,0.0,107.0,119.0,18.0,236.0,81.0
265.0,2.0,1.0,0.0,20.0,80.0,8.0,342.0,40.0,33.0,70.0,13.0
835.0,5.0,0.0,1.0,74.0,169.0,5.0,113.0,80.0,43.0,229.0,47.0
659.0,0.0,1.0,1.0,50.0,145.0,1.0,298.0,152.0,88.0,121.0,29.0
810.0,4.0,0.0,0.0,21.0,48.0,7.0,142.0,63.0,37.0,50.0,21.0
239.0,3.0,1.0,1.0,32.0,117.0,0.0,343.0,26.0,39.0,115.0,46.0
29.0,5.0,1.0,0.0,4.0,12.0,6.0,187.0,4.0,9.0,16.0,3.0
166.0,1.0,0.0,1.0,24.0,49.0,6.0,409.0,28.0,24.0,86.0,20.0
617.0,0.0,0.0,1.0,83.0,298.0,4.0,137.0,180.0,89.0,272.0,120.0
416.0,1.0,0.0,0.0,80.0,238.0,1.0,307.0,21.0,59.0,166.0,44.0
889.0,3.0,0.0,0.0,73.0,209.0,3.0,349.0,67.0,69.0,169.0,109.0
886.0,0.0,0.0,0.0,82.0,284.0,1.0,381.0,181.0,130.0,286.0,69.0
260.0,1.0,1.0,1.0,74.0,258.0,2.0,111.0,14.0,7.0,194.0,108.0
894.0,4.0,0.0,0.0,46.0,113.0,2.0,106.0,85.0,13.0,175.0,32.0
274.0,0.0,0.0,1.0,50.0,148.0,2.0,312.0,39.0,70.0,121.0,55.0
362.0,3.0,1.0,0.0,53.0,152.0,8.0,377.0,48.0,105.0,146.0,61.0
528.0,1.0,1.0,1.0,2.0,11.0,5.0,125.0,8.0,0.0,10.0,4.0
688.0,1.0,1.0,0.0,97.0,221.0,7.0,308.0,217.0,37.0,278.0,82.0
227.0,4.0,0.0,0.0,79.0,179.0,2.0,58.0,42.0,140.0,184.0,117.0
602.0,3.0,1.0,0.0,43.0,110.0,8.0,374.0,88.0,28.0,120.0,45.0
185.0,2.0,0.0,0.0,23.0,75.0,4.0,97.0,16.0,41.0,54.0,22.0
594.0,2.0,1.0,0.0,38.0,74.0,7.0,10.0,36.0,21.0,144.0,31.0
474.0,3.0,1.0,1.0,56.0,128.0,5.0,18.0,18.0,33.0,214.0,34.0
367.0,2.0,1.0,1.0,55.0,170.0,9.0,143.0,69.0,1.0,170.0,39.0
51.0,2.0,1.0,0.0,19.0,41.0,0.0,190.0,61.0,32.0,52.0,15.0
566.0,5.0,1.0,1.0,27.0,57.0,2.0,334.0,80.0,16.0,73.0,16.0
664.0,2.0,1.0,1.0,79.0,230.0,2.0,232.0,56.0,138.0,259.0,65.0
42.0,3.0,0.0,0.0,76.0,150.0,0.0,289.0,143.0,9.0,258.0,54.0
183.0,4.0,0.0,0.0,88.0,302.0,1.0,371.0,49.0,94.0,303.0,77.0
822.0,0.0,1.0,1.0,37.0,133.0,9.0,403.0,58.0,36.0,98.0,53.0
128.0,2.0,1.0,0.0,26.0,53.0,2.0,467.0,11.0,39.0,102.0,15.0
346.0,5.0,1.0,0.0,83.0,286.0,5.0,60.0,197.0,128.0,284.0,88.0
3.0,0.0,1.0,1.0,3.0,11.0,0.0,194.0,10.0,6.0,6.0,3.0
156.0,3.0,1.0,0.0,39.0,150.0,5.0,182.0,40.0,8.0,81.0,57.0
417.0,2.0,1.0,0.0,88.0,284.0,6.0,293.0,196.0,54.0,288.0,126.0
118.0,2.0,0.0,1.0,42.0,93.0,9.0,164.0,75.0,76.0,115.0,51.0
863.0,2.0,1.0,1.0,31.0,100.0,3.0,398.0,58.0,6.0,108.0,49.0
359.0,2.0,0.0,0.0,40.0,95.0,6.0,83.0,60.0,45.0,113.0,25.0
133.0,0.0,0.0,0.0,32.0,87.0,2.0,322.0,7.0,60.0,79.0,26.0
599.0,3.0,0.0,0.0,87.0,180.0,2.0,399.0,24.0,156.0,280.0,103.0
517.0,5.0,0.0,0.0,29.0,98.0,2.0,223.0,78.0,21.0,102.0,29.0
660.0,5.0,0.0,1.0,32.0,91.0,3.0,202.0,36.0,29.0,76.0,22.0
480.0,1.0,1.0,0.0,70.0,141.0,4.0,300.0,107.0,39.0,235.0,41.0
10.0,2.0,1.0,0.0,24.0,77.0,2.0,146.0,66.0,38.0,51.0,20.0
690.0,4.0,0.0,1.0,67.0,190.0,8.0,103.0,97.0,62.0,255.0,57.0
693.0,3.0,1.0,1.0,16.0,58.0,9.0,101.0,16.0,29.0,39.0,13.0
574.0,1.0,0.0,0.0,8.0,32.0,1.0,212.0,11.0,13.0,32.0,10.0
586.0,5.0,0.0,1.0,32.0,106.0,9.0,447.0,66.0,39.0,90.0,24.0
464.0,1.0,1.0,1.0,22.0,81.0,8.0,87.0,37.0,22.0,65.0,25.0
452.0,2.0,0.0,0.0,44.0,139.0,2.0,85.0,129.0,68.0,154.0,58.0
112.0,4.0,1.0,1.0,40.0,150.0,6.0,58.0,73.0,79.0,155.0,30.0
355.0,4.0,1.0,0.0,9.0,21.0,1.0,237.0,20.0,14.0,34.0,5.0
715.0,4.0,1.0,0.0,32.0,98.0,7.0,187.0,32.0,45.0,104.0,45.0
52.0,0.0,0.0,0.0,96.0,319.0,3.0,277.0,208.0,158.0,279.0,54.0
122.0,3.0,1.0,1.0,8.0,28.0,6.0,386.0,20.0,1.0,31.0,11.0
638.0,4.0,1.0,1.0,85.0,261.0,5.0,192.0,119.0,97.0,191.0,85.0
852.0,3.0,1.0,0.0,62.0,217.0,3.0,168.0,122.0,112.0,153.0,38.0
460.0,0.0,1.0,1.0,5.0,16.0,8.0,275.0,5.0,13.0,23.0,5.0
296.0,1.0,0.0,1.0,58.0,220.0,5.0,295.0,21.0,111.0,189.0,64.0
380.0,1.0,0.0,1.0,76.0,233.0,8.0,367.0,70.0,72.0,159.0,102.0
848.0,4.0,0.0,1.0,95.0,295.0,5.0,382.0,145.0,150.0,310.0,65.0
734.0,1.0,0.0,0.0,45.0,148.0,1.0,125.0,133.0,51.0,155.0,36.0
548.0,4.0,0.0,0.0,56.0,113.0,5.0,403.0,95.0,88.0,135.0,31.0
855.0,4.0,1.0,1.0,92.0,239.0,6.0,428.0,217.0,41.0,252.0,120.0
811.0,1.0,1.0,1.0,54.0,169.0,4.0,177.0,66.0,90.0,191.0,84.0
560.0,0.0,1.0,1.0,91.0,289.0,3.0,103.0,214.0,64.0,305.0,122.0
530.0,5.0,1.0,1.0,27.0,69.0,5.0,301.0,35.0,30.0,102.0,37.0
609.0,3.0,1.0,0.0,55.0,116.0,2.0,51.0,80.0,108.0,193.0,55.0
481.0,2.0,0.0,1.0,82.0,292.0,4.0,64.0,139.0,16.0,208.0,70.0
240.0,3.0,1.0,0.0,11.0,32.0,7.0,255.0,25.0,23.0,28.0,19.0
21.0,0.0,1.0,0.0,70.0,149.0,5.0,61.0,127.0,119.0,207.0,36.0
640.0,4.0,0.0,1.0,18.0,68.0,9.0,233.0,7.0,23.0,44.0,25.0
573.0,3.0,0.0,1.0,12.0,23.0,6.0,408.0,13.0,15.0,35.0,13.0
94.0,5.0,0.0,0.0,78.0,247.0,9.0,389.0,81.0,142.0,280.0,78.0
891.0,3.0,1.0,1.0,13.0,45.0,6.0,422.0,42.0,10.0,28.0,14.0
314.0,0.0,0.0,0.0,57.0,111.0,5.0,125.0,92.0,98.0,168.0,62.0
576.0,2.0,0.0,1.0,97.0,296.0,6.0,381.0,162.0,153.0,202.0,95.0
348.0,1.0,0.0,0.0,23.0,63.0,9.0,147.0,49.0,33.0,52.0,37.0
96.0,2.0,1.0,0.0,5.0,14.0,4.0,424.0,2.0,7.0,15.0,9.0
642.0,2.0,1.0,1.0,17.0,61.0,7.0,465.0,57.0,36.0,58.0,16.0
885.0,2.0,1.0,1.0,30.0,90.0,2.0,346.0,74.0,35.0,90.0,26.0
27.0,2.0,1.0,1.0,23.0,87.0,4.0,340.0,67.0,41.0,88.0,33.0
643.0,2.0,1.0,0.0,59.0,222.0,6.0,159.0,91.0,94.0,117.0,34.0
824.0,2.0,1.0,0.0,95.0,277.0,6.0,370.0,210.0,132.0,251.0,75.0
696.0,0.0,1.0,1.0,92.0,307.0,7.0,229.0,94.0,115.0,285.0,58.0
54.0,3.0,0.0,0.0,90.0,301.0,8.0,170.0,217.0,40.0,273.0,88.0
478.0,4.0,0.0,0.0,69.0,252.0,7.0,413.0,25.0,80.0,215.0,39.0
831.0,3.0,0.0,0.0,45.0,91.0,6.0,108.0,83.0,3.0,150.0,38.0
610.0,0.0,1.0,1.0,94.0,224.0,5.0,67.0,217.0,150.0,256.0,83.0
710.0,3.0,1.0,0.0,53.0,166.0,3.0,455.0,59.0,78.0,196.0,31.0
727.0,5.0,0.0,0.0,8.0,26.0,1.0,468.0,29.0,11.0,15.0,11.0
286.0,1.0,1.0,0.0,14.0,45.0,5.0,192.0,23.0,27.0,31.0,8.0
790.0,5.0,1.0,1.0,8.0,20.0,8.0,246.0,17.0,13.0,21.0,6.0
6.0,3.0,1.0,1.0,13.0,45.0,2.0,44.0,2.0,2.0,51.0,9.0
334.0,1.0,1.0,1.0,45.0,151.0,6.0,82.0,41.0,53.0,136.0,33.0
829.0,2.0,1.0,1.0,19.0,62.0,5.0,390.0,62.0,19.0,66.0,24.0
555.0,4.0,0.0,0.0,4.0,11.0,1.0,156.0,3.0,3.0,12.0,4.0
175.0,1.0,0.0,0.0,14.0,48.0,5.0,326.0,7.0,17.0,57.0,8.0
74.0,2.0,1.0,1.0,34.0,120.0,8.0,406.0,87.0,41.0,96.0,41.0
673.0,0.0,0.0,1.0,51.0,125.0,5.0,214.0,43.0,25.0,173.0,71.0
371.0,4.0,1.0,1.0,2.0,8.0,2.0,270.0,11.0,3.0,11.0,4.0
315.0,4.0,1.0,0.0,49.0,183.0,3.0,360.0,23.0,3.0,142.0,53.0
590.0,2.0,0.0,0.0,36.0,107.0,2.0,325.0,11.0,40.0,114.0,28.0
615.0,1.0,0.0,1.0,94.0,300.0,9.0,417.0,217.0,158.0,201.0,122.0
471.0,1.0,0.0,0.0,4.0,9.0,4.0,204.0,10.0,3.0,9.0,6.0
844.0,5.0,1.0,0.0,49.0,127.0,9.0,425.0,15.0,53.0,140.0,45.0
846.0,0.0,1.0,0.0,44.0,135.0,6.0,268.0,102.0,87.0,104.0,48.0
193.0,4.0,1.0,1.0,12.0,45.0,6.0,10.0,41.0,10.0,27.0,14.0
467.0,5.0,0.0,1.0,60.0,120.0,0.0,183.0,57.0,96.0,214.0,48.0
686.0,5.0,1.0,0.0,28.0,70.0,2.0,86.0,24.0,35.0,107.0,17.0
284.0,2.0,0.0,1.0,12.0,40.0,1.0,397.0,20.0,22.0,47.0,7.0
343.0,5.0,0.0,0.0,30.0,80.0,7.0,201.0,27.0,25.0,84.0,18.0
777.0,3.0,0.0,0.0,59.0,195.0,1.0,407.0,148.0,54.0,232.0,59.0
626.0,1.0,1.0,1.0,34.0,124.0,9.0,190.0,90.0,36.0,132.0,29.0
103.0,1.0,0.0,1.0,52.0,201.0,3.0,42.0,27.0,10.0,190.0,68.0
770.0,5.0,0.0,1.0,62.0,188.0,5.0,231.0,2.0,21.0,158.0,55.0
125.0,1.0,1.0,0.0,17.0,43.0,9.0,272.0,42.0,21.0,63.0,17.0
504.0,0.0,1.0,0.0,88.0,305.0,2.0,469.0,6.0,154.0,200.0,91.0
328.0,5.0,0.0,0.0,19.0,49.0,9.0,324.0,55.0,14.0,41.0,12.0
730.0,0.0,1.0,0.0,6.0,19.0,7.0,347.0,19.0,6.0,15.0,4.0
639.0,3.0,1.0,0.0,7.0,20.0,7.0,320.0,8.0,0.0,15.0,4.0
611.0,2.0,1.0,1.0,61.0,170.0,2.0,294.0,80.0,82.0,125.0,54.0
171.0,1.0,1.0,0.0,24.0,78.0,0.0,143.0,18.0,18.0,48.0,26.0
518.0,1.0,1.0,1.0,6.0,24.0,7.0,339.0,21.0,13.0,26.0,12.0
634.0,4.0,1.0,1.0,55.0,131.0,5.0,374.0,17.0,31.0,152.0,71.0
845.0,0.0,0.0,0.0,23.0,82.0,0.0,286.0,41.0,21.0,90.0,30.0
415.0,2.0,1.0,1.0,36.0,93.0,5.0,164.0,25.0,42.0,135.0,51.0
677.0,5.0,1.0,1.0,46.0,123.0,2.0,332.0,84.0,89.0,176.0,28.0
731.0,2.0,1.0,1.0,96.0,318.0,4.0,351.0,55.0,143.0,233.0,53.0
345.0,1.0,1.0,1.0,50.0,105.0,0.0,54.0,100.0,100.0,160.0,64.0
127.0,4.0,0.0,0.0,50.0,192.0,9.0,364.0,48.0,16.0,136.0,62.0
15.0,2.0,0.0,1.0,64.0,141.0,8.0,127.0,13.0,48.0,175.0,70.0
429.0,4.0,0.0,1.0,63.0,190.0,5.0,278.0,178.0,14.0,229.0,64.0
670.0,5.0,1.0,0.0,22.0,69.0,5.0,47.0,27.0,29.0,56.0,13.0
800.0,0.0,1.0,1.0,24.0,70.0,8.0,127.0,8.0,7.0,50.0,29.0
606.0,4.0,0.0,1.0,38.0,77.0,3.0,332.0,75.0,49.0,112.0,40.0
168.0,4.0,1.0,0.0,59.0,211.0,8.0,43.0,119.0,50.0,234.0,48.0
506.0,0.0,0.0,0.0,40.0,96.0,4.0,155.0,94.0,45.0,117.0,60.0
612.0,4.0,0.0,1.0,47.0,120.0,0.0,311.0,3.0,49.0,140.0,70.0
588.0,4.0,0.0,0.0,82.0,221.0,5.0,42.0,179.0,91.0,261.0,67.0
603.0,4.0,0.0,1.0,54.0,122.0,1.0,470.0,106.0,91.0,107.0,64.0
344.0,3.0,1.0,0.0,74.0,246.0,1.0,309.0,54.0,6.0,233.0,86.0
645.0,3.0,1.0,0.0,90.0,184.0,5.0,350.0,175.0,97.0,188.0,131.0
799.0,2.0,0.0,1.0,53.0,113.0,0.0,209.0,73.0,47.0,108.0,70.0
310.0,5.0,0.0,0.0,57.0,126.0,2.0,115.0,33.0,110.0,208.0,69.0
589.0,2.0,1.0,1.0,44.0,151.0,1.0,335.0,1.0,40.0,116.0,42.0
152.0,2.0,1.0,1.0,63.0,233.0,9.0,429.0,116.0,86.0,167.0,44.0
492.0,0.0,0.0,1.0,27.0,90.0,0.0,409.0,68.0,16.0,84.0,39.0
276.0,1.0,0.0,0.0,7.0,25.0,9.0,380.0,1.0,15.0,30.0,8.0
318.0,0.0,1.0,0.0,68.0,172.0,2.0,185.0,64.0,64.0,201.0,83.0
291.0,2.0,1.0,0.0,93.0,236.0,7.0,112.0,181.0,29.0,301.0,113.0
892.0,3.0,1.0,0.0,16.0,50.0,9.0,438.0,20.0,17.0,38.0,9.0
14.0,4.0,0.0,0.0,36.0,82.0,1.0,427.0,92.0,35.0,124.0,47.0
294.0,0.0,0.0,1.0,43.0,89.0,6.0,128.0,33.0,77.0,103.0,36.0
245.0,2.0,1.0,1.0,71.0,264.0,4.0,393.0,198.0,31.0,151.0,43.0
443.0,4.0,0.0,0.0,32.0,76.0,0.0,209.0,58.0,19.0,95.0,27.0
593.0,0.0,0.0,0.0,68.0,258.0,7.0,266.0,116.0,37.0,153.0,82.0
512.0,3.0,1.0,1.0,7.0,19.0,5.0,471.0,14.0,0.0,28.0,11.0
399.0,0.0,0.0,0.0,77.0,265.0,8.0,185.0,5.0,39.0,214.0,67.0
186.0,2.0,0.0,0.0,50.0,127.0,0.0,376.0,71.0,52.0,148.0,61.0
381.0,3.0,1.0,1.0,48.0,157.0,9.0,91.0,12.0,50.0,180.0,69.0
256.0,0.0,0.0,1.0,5.0,11.0,4.0,250.0,14.0,2.0,12.0,5.0
0.0,2.0,0.0,0.0,94.0,275.0,5.0,377.0,25.0,158.0,218.0,80.0
637.0,4.0,0.0,1.0,37.0,134.0,9.0,132.0,11.0,46.0,84.0,29.0
48.0,3.0,1.0,1.0,68.0,152.0,2.0,60.0,191.0,123.0,196.0,55.0
749.0,3.0,0.0,1.0,96.0,263.0,5.0,139.0,90.0,146.0,287.0,110.0
836.0,1.0,1.0,1.0,2.0,6.0,3.0,417.0,7.0,5.0,10.0,3.0
370.0,1.0,0.0,1.0,60.0,152.0,1.0,460.0,0.0,117.0,233.0,40.0
883.0,5.0,0.0,1.0,87.0,180.0,9.0,25.0,133.0,112.0,277.0,100.0
30.0,3.0,0.0,0.0,38.0,104.0,5.0,214.0,98.0,1.0,118.0,24.0
369.0,0.0,1.0,1.0,20.0,69.0,4.0,149.0,24.0,21.0,52.0,18.0
537.0,4.0,1.0,1.0,20.0,79.0,0.0,118.0,15.0,30.0,42.0,21.0
486.0,5.0,0.0,0.0,59.0,195.0,9.0,136.0,95.0,20.0,162.0,59.0
668.0,0.0,0.0,1.0,23.0,84.0,4.0,433.0,51.0,47.0,68.0,15.0
540.0,4.0,0.0,0.0,76.0,236.0,8.0,94.0,31.0,136.0,285.0,72.0
124.0,3.0,0.0,1.0,92.0,193.0,2.0,271.0,169.0,127.0,235.0,102.0
779.0,5.0,0.0,1.0,3.0,12.0,1.0,131.0,3.0,2.0,6.0,7.0
797.0,4.0,0.0,1.0,58.0,121.0,6.0,336.0,8.0,16.0,129.0,41.0
856.0,2.0,0.0,0.0,13.0,43.0,7.0,66.0,0.0,24.0,32.0,13.0
665.0,5.0,1.0,1.0,39.0,104.0,8.0,361.0,18.0,30.0,101.0,30.0
100.0,0.0,0.0,0.0,66.0,250.0,1.0,97.0,166.0,76.0,206.0,94.0
261.0,4.0,0.0,1.0,10.0,40.0,2.0,362.0,20.0,2.0,43.0,15.0
854.0,0.0,0.0,0.0,47.0,153.0,6.0,134.0,17.0,64.0,179.0,27.0
327.0,3.0,0.0,0.0,7.0,27.0,4.0,53.0,15.0,1.0,12.0,5.0
272.0,2.0,0.0,1.0,61.0,219.0,5.0,199.0,71.0,83.0,232.0,53.0
798.0,0.0,0.0,0.0,16.0,60.0,1.0,469.0,25.0,1.0,41.0,14.0
498.0,3.0,1.0,0.0,0.0,5.0,9.0,343.0,1.0,3.0,0.0,3.0
841.0,1.0,1.0,0.0,67.0,214.0,7.0,71.0,39.0,43.0,260.0,87.0
813.0,4.0,0.0,1.0,60.0,200.0,7.0,455.0,119.0,35.0,122.0,41.0
153.0,3.0,1.0,0.0,54.0,198.0,5.0,242.0,89.0,108.0,151.0,49.0
628.0,2.0,0.0,0.0,16.0,47.0,0.0,302.0,11.0,14.0,53.0,9.0
195.0,4.0,0.0,0.0,45.0,101.0,9.0,147.0,114.0,68.0,163.0,45.0
826.0,4.0,1.0,1.0,77.0,253.0,4.0,203.0,207.0,139.0,268.0,108.0
527.0,0.0,1.0,1.0,80.0,267.0,1.0,251.0,91.0,11.0,221.0,63.0
187.0,5.0,1.0,1.0,42.0,82.0,1.0,364.0,82.0,10.0,135.0,30.0
241.0,1.0,0.0,1.0,17.0,36.0,1.0,252.0,48.0,28.0,69.0,9.0
267.0,1.0,0.0,0.0,48.0,177.0,6.0,22.0,131.0,57.0,121.0,43.0
90.0,0.0,0.0,1.0,61.0,202.0,3.0,257.0,7.0,34.0,212.0,52.0
661.0,1.0,1.0,1.0,3.0,14.0,8.0,249.0,5.0,1.0,9.0,5.0
107.0,3.0,0.0,1.0,52.0,135.0,3.0,300.0,111.0,79.0,201.0,31.0
793.0,3.0,1.0,0.0,44.0,168.0,3.0,73.0,108.0,40.0,116.0,26.0
236.0,0.0,0.0,0.0,63.0,227.0,9.0,140.0,34.0,60.0,220.0,97.0
26.0,4.0,1.0,1.0,66.0,131.0,3.0,134.0,118.0,91.0,245.0,96.0
357.0,4.0,1.0,0.0,51.0,174.0,3.0,127.0,30.0,93.0,142.0,49.0
204.0,1.0,0.0,0.0,87.0,213.0,8.0,249.0,85.0,147.0,265.0,115.0
853.0,1.0,1.0,0.0,10.0,40.0,9.0,20.0,21.0,17.0,21.0,14.0
851.0,0.0,0.0,1.0,51.0,121.0,9.0,415.0,154.0,68.0,113.0,52.0
490.0,4.0,0.0,0.0,18.0,37.0,3.0,56.0,21.0,27.0,71.0,22.0
542.0,4.0,0.0,1.0,57.0,163.0,9.0,282.0,16.0,56.0,123.0,41.0
219.0,2.0,0.0,0.0,31.0,76.0,2.0,278.0,48.0,31.0,76.0,46.0
201.0,5.0,0.0,1.0,42.0,110.0,9.0,227.0,10.0,27.0,148.0,23.0
564.0,0.0,1.0,1.0,81.0,158.0,8.0,92.0,81.0,104.0,224.0,113.0
818.0,5.0,1.0,0.0,60.0,154.0,2.0,49.0,10.0,72.0,215.0,63.0
373.0,0.0,0.0,1.0,27.0,101.0,9.0,314.0,65.0,2.0,99.0,21.0
235.0,1.0,0.0,1.0,62.0,163.0,4.0,453.0,101.0,11.0,147.0,82.0
368.0,1.0,1.0,0.0,7.0,31.0,8.0,72.0,26.0,8.0,25.0,13.0
865.0,1.0,0.0,0.0,30.0,82.0,5.0,443.0,52.0,7.0,92.0,24.0
401.0,0.0,1.0,0.0,43.0,161.0,3.0,2.0,75.0,82.0,167.0,42.0
145.0,0.0,0.0,1.0,35.0,78.0,3.0,93.0,20.0,56.0,141.0,41.0
870.0,0.0,1.0,1.0,60.0,152.0,2.0,157.0,57.0,57.0,207.0,36.0
237.0,1.0,0.0,1.0,0.0,1.0,3.0,211.0,3.0,2.0,2.0,3.0
217.0,2.0,1.0,1.0,26.0,94.0,7.0,177.0,30.0,29.0,66.0,41.0
505.0,2.0,0.0,0.0,91.0,207.0,6.0,70.0,44.0,38.0,267.0,133.0
363.0,5.0,1.0,0.0,56.0,215.0,5.0,235.0,158.0,11.0,200.0,57.0
650.0,5.0,1.0,1.0,82.0,166.0,5.0,74.0,134.0,140.0,235.0,79.0
391.0,0.0,0.0,1.0,16.0,54.0,5.0,283.0,30.0,23.0,40.0,24.0
759.0,5.0,0.0,1.0,72.0,161.0,0.0,106.0,146.0,16.0,199.0,107.0
396.0,4.0,1.0,0.0,3.0,10.0,2.0,401.0,3.0,3.0,4.0,5.0
374.0,1.0,0.0,0.0,49.0,111.0,5.0,12.0,146.0,76.0,117.0,49.0
321.0,0.0,0.0,1.0,22.0,66.0,9.0,162.0,42.0,21.0,62.0,18.0
789.0,3.0,0.0,1.0,39.0,76.0,7.0,43.0,61.0,1.0,104.0,22.0
510.0,2.0,1.0,1.0,35.0,131.0,0.0,81.0,60.0,32.0,84.0,55.0
496.0,0.0,0.0,1.0,42.0,158.0,6.0,390.0,88.0,87.0,119.0,34.0
72.0,0.0,0.0,1.0,4.0,19.0,1.0,16.0,17.0,8.0,18.0,7.0
342.0,0.0,1.0,1.0,23.0,92.0,2.0,254.0,61.0,18.0,57.0,18.0
604.0,4.0,0.0,0.0,97.0,276.0,8.0,148.0,105.0,80.0,275.0,132.0
388.0,0.0,0.0,1.0,79.0,166.0,7.0,64.0,151.0,130.0,290.0,102.0
7.0,5.0,0.0,0.0,63.0,126.0,8.0,384.0,174.0,3.0,155.0,54.0
631.0,2.0,0.0,0.0,17.0,46.0,2.0,468.0,44.0,1.0,57.0,24.0
40.0,5.0,1.0,0.0,62.0,172.0,3.0,317.0,101.0,36.0,216.0,36.0
53.0,4.0,1.0,0.0,25.0,74.0,1.0,22.0,51.0,8.0,92.0,34.0
598.0,3.0,0.0,0.0,95.0,306.0,1.0,119.0,116.0,94.0,300.0,72.0
304.0,1.0,1.0,1.0,16.0,49.0,4.0,95.0,51.0,15.0,54.0,16.0
773.0,4.0,1.0,0.0,39.0,123.0,6.0,372.0,113.0,42.0,98.0,38.0
61.0,5.0,1.0,1.0,90.0,223.0,5.0,281.0,15.0,110.0,308.0,49.0
491.0,4.0,1.0,0.0,87.0,304.0,6.0,314.0,153.0,28.0,199.0,91.0
252.0,4.0,1.0,1.0,40.0,108.0,2.0,194.0,107.0,76.0,106.0,50.0
816.0,3.0,0.0,1.0,8.0,22.0,2.0,35.0,30.0,17.0,31.0,11.0
69.0,0.0,0.0,1.0,80.0,196.0,6.0,55.0,39.0,1.0,248.0,52.0
448.0,2.0,0.0,0.0,38.0,122.0,1.0,315.0,65.0,69.0,147.0,43.0
508.0,0.0,0.0,1.0,84.0,270.0,7.0,269.0,11.0,137.0,297.0,121.0
466.0,1.0,1.0,1.0,9.0,34.0,3.0,378.0,7.0,18.0,35.0,16.0
333.0,1.0,0.0,1.0,93.0,279.0,8.0,151.0,14.0,33.0,198.0,55.0
305.0,2.0,0.0,0.0,26.0,103.0,7.0,172.0,83.0,18.0,53.0,24.0
703.0,5.0,0.0,0.0,90.0,175.0,9.0,149.0,11.0,3.0,232.0,106.0
216.0,5.0,0.0,1.0,58.0,112.0,0.0,257.0,26.0,0.0,185.0,42.0
806.0,1.0,1.0,1.0,52.0,128.0,1.0,410.0,117.0,87.0,192.0,56.0
56.0,5.0,0.0,1.0,40.0,87.0,2.0,301.0,48.0,55.0,92.0,57.0
57.0,1.0,1.0,1.0,29.0,106.0,6.0,413.0,38.0,60.0,103.0,44.0
141.0,0.0,0.0,1.0,69.0,189.0,7.0,361.0,81.0,50.0,169.0,54.0
38.0,2.0,1.0,0.0,73.0,218.0,1.0,413.0,122.0,107.0,250.0,95.0
97.0,4.0,0.0,0.0,45.0,148.0,1.0,445.0,34.0,25.0,131.0,48.0
85.0,1.0,0.0,0.0,39.0,77.0,9.0,241.0,15.0,80.0,93.0,44.0
176.0,4.0,1.0,0.0,61.0,206.0,4.0,182.0,97.0,54.0,186.0,78.0
600.0,0.0,0.0,0.0,50.0,179.0,6.0,308.0,120.0,5.0,187.0,44.0
409.0,0.0,1.0,1.0,47.0,155.0,1.0,235.0,112.0,22.0,113.0,65.0
246.0,3.0,1.0,0.0,67.0,242.0,6.0,417.0,147.0,42.0,178.0,36.0
